original_index,Individual,Phase,Round,Puzzler,Cohort,Team_ID,Frustrated,upset,hostile,alert,ashamed,inspired,nervous,attentive,afraid,active,determined,EDA_tonic_power,EDA_phasic_power,EDA_phasic_tonic_ratio,EDA_rolling_slope,EDA_phasic_rolling_slope,EDA_first_half_mean,EDA_second_half_mean,EDA_half_diff,EDA_phasic_peak_count_raw,HR_rolling_slope,HR_first_half_mean,HR_second_half_mean,HR_half_diff,HR_diff_rmssd_proxy,HR_HF_power,HR_LF_HF_ratio,TEMP_rolling_slope,TEMP_half_diff,TEMP_initial_slope,TEMP_overall_slope
0,1,phase3,round_3,1,D1_4,D1_4_Team10,2.0,1.0,1.0,2.0,1.0,2.0,2.0,3.0,1.0,2.0,2.0,9.374129524516929e-07,2.284755993337296e-07,0.24372993645562357,0.003193302215431791,-0.0005020291943420641,0.17837960462137328,0.183312246252509,0.004932641631135715,4,4.2065166666666505,72.38809523809523,84.93965986394558,12.551564625850347,0.3224627925198922,0.0010943283490316594,23.408500337670734,0.01896666666666494,-0.10784380305602781,-0.00016934321776416122,-0.00024328009613885083
1,1,phase2,round_3,1,D1_4,D1_4_Team10,3.0,2.0,1.0,3.0,2.0,2.0,2.0,3.0,1.0,3.0,3.0,1.5146886086023262e-06,4.501522653344777e-07,0.29719129250589277,0.0010228692460528958,-0.0003154539674140684,0.16842819308320095,0.17127157620927438,0.0028433831260734344,3,-0.4850833333333409,77.89044585987261,75.19101910828024,-2.6994267515923696,0.12617245665315152,0.00038525394871863263,20.378015128573413,0.028383333333334215,0.06133757961783459,0.0003948332436327281,0.00014858438644068278
2,1,phase1,round_3,1,D1_4,D1_4_Team10,2.0,1.0,1.0,2.0,1.0,3.0,2.0,3.0,2.0,3.0,3.0,9.870144539347109e-07,2.771143073381565e-07,0.28076013095192937,6.0416866184194885e-05,-0.0005043401387825317,0.1660518911657226,0.1665216564510116,0.00046976528528899775,3,-0.3590500000000168,78.86738461538461,77.48503816793894,-1.38234644744567,0.2139653099129711,0.0004569437906340284,56.70705719649428,-0.0624666666666725,-0.12120153550863222,-0.00020347575478735748,-0.00022328613655420607
3,1,phase3,round_2,1,D1_4,D1_4_Team10,2.0,1.0,1.0,2.0,1.0,3.0,2.0,3.0,2.0,3.0,3.0,7.704796395916004e-06,5.948255380397033e-07,0.07720198010099215,-0.001582349511667911,-0.00022165828498130858,0.16177739063146684,0.15706159245073953,-0.004715798180727315,3,1.7331833333333249,83.12906666666667,83.01867549668874,-0.1103911699779303,0.31846611541366,0.0014262653357934856,7.9968372237377165,0.22055833333332928,0.6067661691542305,-0.0003398322887549912,0.0009098617170022624
4,1,phase2,round_2,1,D1_4,D1_4_Team10,2.0,3.0,1.0,3.0,2.0,3.0,3.0,4.0,2.0,4.0,4.0,6.279904790990889e-06,9.288957505075658e-07,0.14791557856739382,0.0038398509710051596,-0.0002999695151697787,0.14628549140334476,0.15579625648684367,0.009510765083498907,6,-1.709866666666667,74.257625,70.30487500000001,-3.9527499999999947,0.1560001607586987,0.0006852765253641894,26.095208759680702,-0.0705500000000049,-0.20090624999999562,-0.00016795430476229905,-0.00028624409026737724
5,1,phase1,round_2,1,D1_4,D1_4_Team10,2.0,1.0,1.0,3.0,2.0,3.0,2.0,3.0,2.0,3.0,4.0,5.050118805332442e-07,2.561389086027297e-07,0.507193827464557,0.0006139238214139873,-0.00019247170005655628,0.13705870628976757,0.13751138035077412,0.00045267406100654717,4,-4.052033333333345,88.19086092715231,82.58217105263158,-5.608689874520735,0.49861596524249197,0.0011500011846013103,48.3229209105312,0.08759999999999692,0.11507438016529647,0.00026545599749996414,0.00041841805406969815
6,1,phase3,round_4,1,D1_4,D1_4_Team10,0.0,1.0,1.0,1.0,1.0,1.0,1.0,1.0,1.0,1.0,1.0,0.0025411178664126784,0.00019989257090655046,0.07866324248419881,0.19280414841538532,-0.00043683497448415557,0.2740056126134573,0.8275287280604735,0.5535231154470162,10,0.02433333333333132,66.01733766233765,64.71798701298701,-1.299350649350643,0.1847182906632081,0.00036793643924905176,74.97614194115218,0.047249999999994866,0.09943316003284153,0.00031528325144531723,0.00021694672885390516
7,1,phase2,round_4,1,D1_4,D1_4_Team10,0.0,1.0,1.0,2.0,1.0,3.0,2.0,4.0,1.0,3.0,3.0,2.042451629000439e-06,1.912743137498121e-06,0.9364937266270554,0.0005840458150299511,-0.00036799042678049745,0.1878264223759286,0.1886379532852037,0.0008115309092751044,5,2.4477166666666634,72.1143949044586,80.94310126582279,8.828706361364183,0.24571033124185246,0.0008359887725711023,36.96268296161872,-0.010783333333336479,0.011047619047623414,0.0005812600913210411,-3.429437426321123e-06
8,1,phase1,round_4,1,D1_4,D1_4_Team10,1.0,1.0,1.0,1.0,1.0,2.0,1.0,2.0,1.0,2.0,2.0,9.071952306509083e-07,2.995608522603048e-07,0.3302054972724794,0.001360600382992323,-0.0003572858377439267,0.18746900435633956,0.19152075990691653,0.004051755550576963,4,-1.8713000000000073,73.40464052287581,67.98692810457516,-5.417712418300653,0.17138586509423187,0.0008599210272969308,17.4657597382051,0.030699999999996147,0.08018427195405664,0.0002052813416899762,0.00010087613157023711
9,1,phase3,round_1,1,D1_4,D1_4_Team10,2.0,1.0,1.0,3.0,1.0,3.0,3.0,3.0,2.0,4.0,4.0,5.954633223119264e-07,1.6093763913973412e-07,0.27027296746822776,0.0007224793354852526,-0.00024158791977314654,0.12764014965129927,0.12929278210404413,0.0016526324527448566,3,-2.576583333333338,81.5681045751634,74.215,-7.3531045751634,0.18823223036722375,0.0005282846245102973,38.34832134030937,-0.20786666666666737,-0.5626254709311347,-0.0001143075400613568,-0.0008540532462993905
10,1,phase2,round_1,1,D1_4,D1_4_Team10,3.0,2.0,1.0,1.0,2.0,2.0,2.0,2.0,2.0,3.0,3.0,5.848926411931364e-06,2.2739964415829487e-06,0.38878869068076655,0.0020955223527820413,-0.0002561177474744998,0.12570880754107472,0.13163583087291422,0.005927023331839504,8,-2.4602499999999976,77.40025157232704,70.52232704402515,-6.8779245283018895,0.20132839598127023,0.00050092512304056,22.263757214104213,0.05316666666666845,0.1061973951369275,0.000760126043854923,0.00019389017148951115
11,1,phase1,round_1,1,D1_4,D1_4_Team10,2.0,1.0,1.0,2.0,1.0,2.0,2.0,3.0,2.0,2.0,2.0,4.60516098693022e-06,6.029150872140402e-07,0.130921609239103,-0.0024294230293580702,-0.00021509347384473444,0.12326729591706771,0.11593284384770242,-0.0073344520693652965,7,0.14098333333333446,83.50450331125828,80.1121052631579,-3.3923980481003753,0.4413765343027567,0.0026519818022762197,29.788089605905917,-0.045225000000000556,-0.12481292811931155,0.0004901647598048051,-0.00018398786948457102
12,2,phase3,round_3,0,D1_4,D1_4_Team10,0.0,1.0,1.0,1.0,1.0,4.0,1.0,4.0,1.0,3.0,4.0,0.0031643327344142973,0.0005614243732274443,0.17742267338752582,-0.046531839445557,-0.005495171568694262,1.8212295525749902,1.821922205694285,0.0006926531192947838,9,0.060166666666658576,72.96121621621622,72.54797297297297,-0.4132432432432438,0.13934349704773286,0.0009064023373310989,29.013979031161405,-0.023416666666661666,-0.0864094047673234,-0.0002031545686557357,-0.00015525555012608206
13,2,phase2,round_3,0,D1_4,D1_4_Team10,0.0,1.0,1.0,1.0,1.0,3.0,1.0,4.0,1.0,3.0,5.0,0.005743645408301476,0.0008057724322350792,0.14028937633762528,-0.0006404565438992722,-0.002855205711633263,1.4514127189931763,1.4056710931953769,-0.04574162579779939,11,-2.244533333333335,81.99230769230769,73.20802547770701,-8.78428221460068,0.3186665929084778,0.0031107419551224687,19.17014718793228,-0.05190000000000424,-0.14215138658146742,-0.00011486310526226371,-0.00020036524390713576
14,2,phase1,round_3,0,D1_4,D1_4_Team10,0.0,1.0,1.0,1.0,1.0,1.0,1.0,3.0,1.0,1.0,3.0,0.0008454920744379575,5.249265641835036e-05,0.062085332323481505,-0.24687345271493452,-0.006512242471181974,1.8356863909849446,1.3159870795310882,-0.5196993114538564,3,-3.268883333333351,64.52215384615386,59.55384615384615,-4.968307692307704,0.2176684099255945,0.0009574115478474521,14.708853588842887,-0.02280000000000661,-0.05599283921452525,5.2952308200535775e-06,-0.00010213953436916176
15,2,phase3,round_2,0,D1_4,D1_4_Team10,0.0,1.0,1.0,1.0,1.0,1.0,1.0,3.0,1.0,2.0,3.0,0.004257362730516063,0.0001677785222292653,0.03940902686695145,-0.5181403243564452,-0.008363932804178584,3.7352542647952522,2.395212779720165,-1.340041485075087,3,-2.9022000000000054,68.27052631578948,61.31690789473684,-6.953618421052639,0.12168101999516073,0.00025545331997707055,45.418979583988055,-0.043775000000000674,-0.11162912669604452,-4.11725898019208e-05,-0.00018191095318269185
16,2,phase2,round_2,0,D1_4,D1_4_Team10,1.0,1.0,1.0,1.0,1.0,4.0,1.0,1.0,1.0,3.0,4.0,0.015208650721739311,0.0023886713231453358,0.15706004213318928,-0.088672465820644,-0.01131400382630171,5.30860571350652,4.91975735186028,-0.3888483616462395,13,0.5934666666666674,73.06622641509433,75.4756875,2.409461084905672,0.14191081440567876,9.704401520157389e-05,58.34249889027817,-0.07405000000000077,-0.20283721135590582,-0.0001514088786263079,-0.00031838164341989865
17,2,phase1,round_2,0,D1_4,D1_4_Team10,0.0,1.0,1.0,1.0,1.0,5.0,1.0,1.0,1.0,5.0,5.0,0.016577889267582715,0.0023573916518423027,0.1422009529555775,0.4719484167951607,-0.0038295812384226005,3.0754253390874564,4.258228275841478,1.1828029367540212,12,-15.676000000000009,99.93730263157896,62.94934640522876,-36.9879562263502,0.5689409020276184,0.0020035189922579977,44.69914287866685,-0.015649999999996774,-0.043712189957645364,7.000121529899586e-05,-6.50161409246612e-05
18,2,phase3,round_4,0,D1_4,D1_4_Team10,0.0,1.0,1.0,1.0,1.0,1.0,1.0,1.0,1.0,1.0,1.0,0.002669387846812297,7.215878531757738e-05,0.027031959931842514,-0.396894016238649,-0.006981627460285735,2.5467615406068336,1.5323582867214933,-1.0144032538853403,2,-0.1744999999999988,63.74207792207791,62.87522580645161,-0.8668521156263012,0.13188936725454864,0.00020575999432115093,55.82630831144751,-0.015845833333338475,-0.040684350409087244,-2.9848608482728145e-05,-6.51411087642685e-05
19,2,phase2,round_4,0,D1_4,D1_4_Team10,7.0,1.0,1.0,1.0,1.0,4.0,1.0,3.0,1.0,5.0,5.0,0.019410008711480707,0.003236492039396749,0.16674346145359617,0.3853024690982615,-0.0035739860852692764,2.154098796380646,3.2988952220441554,1.1447964256635093,17,4.086049999999996,65.55375796178343,77.14305732484075,11.589299363057322,0.2161173506805405,0.00028371875937236357,122.86301980272373,-0.0420458333333366,-0.10458778105837041,-7.860379520470741e-05,-0.0001694064827270568
20,2,phase1,round_4,0,D1_4,D1_4_Team10,0.0,1.0,1.0,1.0,1.0,3.0,1.0,1.0,1.0,2.0,3.0,0.0012636728582768868,9.016461680170021e-05,0.07135123320180072,-0.19028858110017263,-0.004405070586299206,2.107501070492959,1.598664850290927,-0.508836220202032,2,0.22721666666666301,67.44000000000001,66.75559210526316,-0.6844078947368502,0.1053283409436442,0.00011307197910428967,60.350561816906286,-0.0070333333333329326,-0.01927750410509077,8.61994131841529e-05,-3.0352193622825293e-05
21,2,phase3,round_1,0,D1_4,D1_4_Team10,0.0,1.0,1.0,1.0,1.0,4.0,1.0,1.0,1.0,4.0,5.0,0.003721481975634772,0.0004957659621758785,0.13321734873949398,-0.06822308314657846,-0.003950561237040018,1.8109695224351858,1.5879810729712331,-0.2229884494639527,7,-17.20973333333333,104.41477124183007,67.51344155844156,-36.90132968338851,0.7321637286087015,0.0023866393379355015,21.1708929504513,-0.06609999999999984,-0.16773115118773063,4.694525946628025e-05,-0.00027290765790034707
22,2,phase2,round_1,0,D1_4,D1_4_Team10,0.0,1.0,1.0,4.0,1.0,1.0,1.0,4.0,1.0,4.0,4.0,0.001744019287787746,0.0001683270109645233,0.09651671408866286,0.21659052284033709,-0.0005894623914487924,0.5655221284884387,1.2131433501367828,0.647621221648344,13,-1.9821000000000075,72.16647798742139,68.68256249999999,-3.483915487421399,0.22071424936830406,0.0004580047888420356,17.39480415477489,-0.02539999999999899,-0.07686028257456456,0.0005922325040364655,-8.667169568896422e-05
23,2,phase1,round_1,0,D1_4,D1_4_Team10,0.0,1.0,1.0,3.0,1.0,1.0,1.0,3.0,1.0,2.0,1.0,6.18838277788745e-05,1.2256642835652753e-05,0.1980588996441627,-0.021770309606197802,-0.0009086365753059627,0.4882642329907259,0.42429499422454625,-0.06396923876617966,5,2.490566666666655,63.91263157894736,71.38631578947368,7.473684210526322,0.15091251591152366,0.0004297805207575447,37.66890461149127,-0.018566666666669084,-0.04328947368421865,-5.257035712420918e-05,-8.024931619045699e-05
24,3,phase3,round_3,1,D1_4,D1_4_Team11,1.0,2.0,1.0,4.0,1.0,4.0,1.0,3.0,1.0,3.0,4.0,0.0062486006373012985,0.001738403366577679,0.2782068286137864,-0.05451754211159783,-0.002640081452755276,1.3725408402145132,1.106637167933339,-0.26590367228117406,17,-5.651783333333357,100.09986301369864,98.1822448979592,-1.9176181157394439,0.49994965499962746,0.00127731302944675,33.28387138504258,0.0009583333333266342,0.0666780238500877,-0.002110974148856753,4.347067787775536e-05
25,3,phase2,round_3,1,D1_4,D1_4_Team11,2.0,2.0,1.0,4.0,1.0,5.0,1.0,5.0,1.0,5.0,5.0,0.001576019072228064,0.00024710496816710627,0.15679059506416176,-0.08163920214885495,-0.0011703963872469008,0.8612849410894802,0.6285601616719438,-0.23272477941753633,13,5.079866666666657,79.5367515923567,96.32575949367089,16.789007901314193,0.4623096957420102,0.0015298779281076292,20.854324560131662,-0.0756083333333339,-0.21231746031745757,0.001439295821108119,-0.00031509456073214336
26,3,phase1,round_3,1,D1_4,D1_4_Team11,0.0,1.0,1.0,4.0,1.0,4.0,1.0,4.0,1.0,4.0,4.0,0.00032497770502161287,6.737609550575718e-05,0.20732528559544194,-0.047776313956302566,-0.0021118292884759636,0.6194526098024848,0.5039211582819507,-0.11553145152053412,7,7.543683333333323,76.71561538461538,95.34815384615385,18.632538461538473,0.3308564993558736,0.0014760715660576613,21.469641466687953,-0.033350000000007284,-0.023673076923081737,-0.0014161877810378817,-0.00013419207971786585
27,3,phase3,round_2,1,D1_4,D1_4_Team11,0.0,1.0,1.0,3.0,1.0,4.0,1.0,3.0,1.0,3.0,4.0,0.0010880688438414938,4.469469440103771e-05,0.041077083177237524,-0.1625073722618353,-0.0026529293040361396,0.9151168421445118,0.5327720396158552,-0.38234480252865666,4,-1.753100000000004,94.03245033112582,90.86901315789474,-3.163437173231074,0.24283643965402113,0.0017727894470354795,30.1494137025862,0.04657083333333371,0.15642877014973777,-0.002211462004548627,0.00019819196843486172
28,3,phase2,round_2,1,D1_4,D1_4_Team11,0.0,1.0,1.0,4.0,1.0,5.0,1.0,5.0,1.0,5.0,5.0,0.0045139507899559835,0.0010908361564873489,0.24165884991803063,0.08418563728867463,-0.0017153552452593803,1.0189524859944978,1.2495705891430615,0.23061810314856368,17,4.54379999999999,67.11749999999999,81.44534161490684,14.327841614906845,0.31674269920552234,0.0005399537988787413,39.096623204418336,-0.08658333333333389,-0.2650107163165032,0.0006900119793747235,-0.000364125208141736
29,3,phase1,round_2,1,D1_4,D1_4_Team11,0.0,1.0,1.0,3.0,1.0,4.0,1.0,4.0,1.0,4.0,5.0,0.003229693983584932,0.0006149415228349019,0.19040241148553716,-0.022467425030419024,-0.0010099060519695026,0.7859056874075193,0.6890804812551459,-0.09682520615237344,13,-3.553783333333346,126.12611842105262,117.79907894736841,-8.32703947368421,0.49790584554020095,0.0017416853464144375,29.630728378487834,0.057333333333331134,0.013249750715345954,0.00278701887185555,0.00022987397676871077
30,3,phase3,round_4,1,D1_4,D1_4_Team11,0.0,1.0,1.0,3.0,1.0,3.0,1.0,4.0,1.0,3.0,3.0,0.0014209675399636042,0.0002735120086428421,0.19248293923015838,-0.17875685052585433,-0.0022445467123780143,0.9921040819484478,0.5198919695086733,-0.47221211243977446,9,0.21896666666666015,86.7072077922078,86.39309677419355,-0.3141110180142448,0.26489399987321566,0.0009451260482378441,22.205947743099443,-0.1687166666666705,-0.4137641357027455,-0.0028432090834909977,-0.0006884217326514543
31,3,phase2,round_4,1,D1_4,D1_4_Team11,0.0,1.0,1.0,4.0,1.0,5.0,1.0,5.0,1.0,5.0,5.0,0.0035352020762014075,0.0016449079637449152,0.4652939006848449,0.19471039963421824,-0.0005228193238022203,0.6861816718504626,1.1760439606187685,0.48986228876830584,13,-1.111633333333332,71.96435064935064,70.25529032258065,-1.7090603267699862,0.24798407992470786,0.0004421724942027007,40.13172939793837,-0.052054166666669135,-0.14210355987054868,0.0006152884598691811,-0.00021962346535330532
32,3,phase1,round_4,1,D1_4,D1_4_Team11,0.0,1.0,1.0,3.0,1.0,4.0,1.0,4.0,1.0,4.0,4.0,0.0010546050277415136,0.0001182081317475595,0.1120875860043146,-0.14185938994763855,-0.0016504942767372347,0.8783602047888408,0.5159616798313711,-0.3623985249574697,5,-4.202466666666669,87.99730263157895,73.82803921568627,-14.169263415892672,0.29980969841410715,0.0013670141604534734,16.9326703628654,-0.07464999999999818,-0.18288052373159047,-0.00151038212468957,-0.00030716501028429016
33,3,phase3,round_1,1,D1_4,D1_4_Team11,0.0,1.0,1.0,3.0,1.0,4.0,1.0,4.0,1.0,4.0,4.0,0.011050570490035137,0.0016316429680653002,0.14765237410472482,-0.08890266462427344,-0.003389668839058539,1.671216011719845,1.3637803997331748,-0.30743561198667013,12,-4.143366666666662,99.91513157894737,87.92908496732026,-11.986046611627103,0.2656589374604805,0.0006841742641997805,50.835225566822416,-0.1292666666666665,-0.42791803278688434,0.0014705550443584296,-0.0005262232863061336
34,3,phase2,round_1,1,D1_4,D1_4_Team11,0.0,1.0,1.0,4.0,2.0,4.0,1.0,4.0,1.0,4.0,5.0,0.004714573743267679,0.0020981806294024037,0.44504142763671173,0.0796514618198152,-0.0030083803537247554,1.6265430575425475,1.831332223665494,0.20478916612294662,24,-4.598766666666674,109.42867924528304,97.06578616352203,-12.362893081761001,0.2796646256485019,0.0007127072726207335,18.822706576047974,0.03119999999999982,0.07421383647798763,0.0006355665896978138,0.0001340574292247948
35,3,phase1,round_1,1,D1_4,D1_4_Team11,0.0,1.0,1.0,3.0,1.0,4.0,1.0,4.0,1.0,4.0,5.0,0.005712334106424946,0.001134341841344468,0.198577642730774,0.047543458001509296,-0.002518250804158506,1.2237435830261423,1.4369070742500722,0.21316349122392997,16,4.69761666666666,73.70236842105264,82.62927631578948,8.926907894736843,0.3476104188604392,0.0007248147110377065,46.22837819117546,0.18993333333333556,0.4722495894909642,0.0005788989392176749,0.0007864286068422075
36,4,phase3,round_3,0,D1_4,D1_4_Team11,1.0,1.0,1.0,3.0,1.0,2.0,2.0,3.0,1.0,4.0,3.0,0.016124753247471344,0.0021794709972814542,0.1351630604098227,-0.6706097786357736,-0.01570612771944344,6.103116384327804,4.442119078023333,-1.6609973063044716,7,-0.5761166666666874,77.87496598639456,77.03378378378379,-0.8411822026107671,0.32871115041653715,0.00021664648334342794,80.72953590532802,0.016958333333327406,0.03080210641419967,0.00033074792965158797,7.316259337694407e-05
37,4,phase2,round_3,0,D1_4,D1_4_Team11,1.0,1.0,1.0,4.0,1.0,3.0,3.0,3.0,1.0,5.0,3.0,0.055648787147905415,0.02046147200858639,0.36768945124002667,1.002482325372246,-0.003298990819918901,2.0556117621239918,4.946397508516925,2.890785746392933,19,-2.905516666666659,81.94993710691824,75.00125786163521,-6.9486792452830315,0.27920741812205646,0.00021212248879114019,35.762013287119544,-0.009083333333334111,0.002022896241221872,-0.00019984287921669195,-2.620611645288885e-05
38,4,phase1,round_3,0,D1_4,D1_4_Team11,0.0,1.0,1.0,4.0,1.0,3.0,2.0,3.0,1.0,5.0,4.0,0.0008466827973172403,5.313126604924656e-05,0.06275226828464664,-0.1669022113893599,-0.007429885590796316,2.4246581384894124,2.058801143550093,-0.36585699493931934,3,1.1169833333333112,78.44492307692308,80.34538461538462,1.900461538461542,0.14290829200147873,0.0003662603509901349,31.02620456891871,0.02055833333333005,0.04376923076923589,0.00010271011649503672,9.326362742001453e-05
39,4,phase3,round_2,0,D1_4,D1_4_Team11,0.0,1.0,1.0,4.0,1.0,3.0,2.0,3.0,1.0,5.0,3.0,0.0044342021050303194,0.00018618607389027077,0.04198863053153453,-0.39829816656708045,-0.008965836180643227,3.807258816870902,2.8089772925555425,-0.9982815243153595,3,-0.008133333333337898,74.28602649006623,74.71298013245033,0.42695364238409184,0.09882532662594255,0.00022972721932367233,68.70512377605799,0.016349999999998286,0.037542553773747045,0.00028234865188631124,6.590288777470521e-05
40,4,phase2,round_2,0,D1_4,D1_4_Team11,0.0,1.0,1.0,4.0,1.0,4.0,2.0,3.0,1.0,5.0,3.0,0.02411094054992942,0.0032548376505026617,0.13499422155525118,0.2843288039878604,-0.0031820731662033194,2.257412672867661,3.3236662640385175,1.0662535911708564,15,-0.6935000000000128,83.04105590062112,81.79185185185185,-1.249204048769272,0.13943430519724517,0.0001828978505867964,106.20211792938362,0.0323624999999999,0.0978134254925962,0.00024495650966157944,0.0001064589841143474
41,4,phase1,round_2,0,D1_4,D1_4_Team11,0.0,1.0,1.0,3.0,1.0,3.0,2.0,3.0,1.0,5.0,4.0,0.0011066274069752454,5.26786232474555e-05,0.0476028543260486,-0.26549394535987514,-0.005706326706301893,2.9184640714744465,2.2276056273132787,-0.6908584441611678,3,-1.772533333333334,79.7433552631579,75.50355263157896,-4.239802631578939,0.14047068449082217,0.00025162152993478713,46.269534988822684,0.08388333333333196,0.215934438134056,0.0003330092536328587,0.00034957329905700214
42,4,phase3,round_4,0,D1_4,D1_4_Team11,0.0,1.0,1.0,3.0,1.0,3.0,1.0,3.0,1.0,3.0,3.0,0.04136172905701012,0.004566560549218434,0.1104054558000756,-1.1510406265723139,-0.022090573754175953,12.008684023511625,8.760606524161028,-3.2480774993505968,6,-1.5285000000000049,81.84738562091503,77.65474025974027,-4.192645361174769,0.10914103126634962,0.0005075653270345708,44.98826695485131,-0.006541666666664882,-0.01585644371940731,7.543533741870837e-06,-1.640434824761807e-05
43,4,phase2,round_4,0,D1_4,D1_4_Team11,0.0,1.0,1.0,4.0,1.0,4.0,2.0,4.0,1.0,5.0,3.0,0.12855369279796114,0.03667970264308483,0.28532593537185863,1.548838368152216,-0.01056798793592939,5.402243442574007,9.168214667194052,3.7659712246200447,25,2.487133333333331,71.41890322580646,80.78057692307692,9.361673697270462,0.21070465493885798,0.0004187190282182325,80.60320557206822,0.02284583333333541,0.05373996789727897,-6.53483567423452e-05,0.0001069523556529649
44,4,phase1,round_4,0,D1_4,D1_4_Team11,0.0,1.0,1.0,3.0,1.0,3.0,2.0,3.0,1.0,5.0,3.0,0.007052305247149971,0.001975865877158291,0.2801730509264035,0.14653099516472043,-0.005502276451762636,3.283487353687645,3.5359554143393184,0.2524680606516734,8,1.709000000000009,77.32601307189543,80.93588235294116,3.6098692810457322,0.17368900037843205,0.00038216155505019873,72.87398781904734,0.07428333333333591,0.19453355155483365,0.00017819753815157208,0.0003043212448059319
45,4,phase3,round_1,0,D1_4,D1_4_Team11,0.0,1.0,1.0,4.0,1.0,3.0,2.0,3.0,1.0,5.0,3.0,0.035364378254382205,0.005378624810537983,0.15209159827011767,0.21861306953054596,-0.006553231605838284,3.6766096859598023,4.453797012154673,0.7771873261948703,11,-4.440116666666664,78.60509933774834,67.66684210526316,-10.938257232485185,0.16614642867539878,0.0004096127497139163,24.976656447904993,-0.020808333333338962,-0.050492824937130365,0.00017569749474822817,-9.074456765506867e-05
46,4,phase2,round_1,0,D1_4,D1_4_Team11,0.0,1.0,1.0,4.0,1.0,3.0,2.0,3.0,1.0,5.0,3.0,0.00927758667301613,0.0008497783623798783,0.09159476406202267,0.5508156608326045,-0.00012329947474800892,0.6432224559527444,2.1943618147462787,1.5511393587935343,12,-0.3412500000000023,79.26220125786163,79.5255625,0.2633612421383731,0.13753101422666034,0.0005791362587143279,36.67462015204044,-0.049683333333334745,-0.13230769230770534,-0.00019283320890987492,-0.00020575097402548558
47,4,phase1,round_1,0,D1_4,D1_4_Team11,0.0,1.0,1.0,4.0,1.0,3.0,2.0,3.0,1.0,4.0,4.0,4.413012541264644e-05,3.893274641754965e-06,0.0882226054277032,-0.047296448064336936,-0.0011427245170779522,0.5523543342953762,0.431056858850795,-0.1212974754445812,2,1.2750166666666627,75.47046052631579,79.26532894736842,3.7948684210526267,0.0934628992239871,0.00025793141135955675,25.303588074001176,0.056249999999997406,0.14381578947367757,4.218823243455999e-05,0.00023613787351913832
48,5,phase3,round_3,0,D1_6,D1_6_Team13,0.0,1.0,1.0,2.0,1.0,4.0,1.0,3.0,1.0,2.0,4.0,0.06892194480501496,0.03571815519217174,0.5182406749145126,0.26747523991342187,-0.013719961257934073,7.805288099586657,8.546093375884562,0.7408052762979045,11,-1.5637833333333306,69.23428571428573,65.49805194805194,-3.736233766233795,0.1055048357105313,7.862402740567862e-05,83.88955697524595,-0.0489750000000015,-0.13578281068525655,0.0002854042604906816,-0.0002127045053775122
49,5,phase2,round_3,0,D1_6,D1_6_Team13,4.0,1.0,2.0,4.0,1.0,4.0,2.0,4.0,1.0,4.0,4.0,0.0654139977977628,0.02607241814337164,0.39857551932506,0.3369067241099467,-0.011929126689718392,5.946896808207833,7.027954345230911,1.081057537023078,18,5.6351666666666596,75.83577922077923,90.50012987012987,14.664350649350638,0.19111024837990928,0.0005721291413415764,46.02797801819662,-0.02903750000000278,-0.08129659643435616,-0.0001372419660062433,-0.00011845854305900134
50,5,phase1,round_3,0,D1_6,D1_6_Team13,0.0,1.0,1.0,1.0,1.0,3.0,1.0,3.0,1.0,3.0,3.0,0.03294835611909737,0.023366748207587894,0.7091931422352259,0.012462721380447359,-0.00758426266963127,5.344262391864945,5.409734185757865,0.0654717938929208,10,1.6543333333333254,67.84317880794701,70.47881578947369,2.635636981526673,0.19389865585331392,0.0007407087859933035,57.50624931958723,0.15770833333332673,0.40691419141913343,0.0006531927637633792,0.0006474254205942505
51,5,phase3,round_2,0,D1_6,D1_6_Team13,3.0,3.0,1.0,2.0,1.0,2.0,2.0,4.0,1.0,3.0,4.0,0.022706520931408777,0.011540710131773584,0.5082553230693261,-0.10194856211369244,-0.014874591988609714,7.960130026006918,7.618951017206189,-0.3411790088007285,11,-6.665733333333334,75.69064935064935,61.364415584415575,-14.326233766233777,0.35076881591011433,0.0003755122060946865,49.97742152449286,-0.023849999999998893,-0.08585365853658544,0.00030194968662653995,-6.0354616550334e-05
52,5,phase2,round_2,0,D1_6,D1_6_Team13,3.0,3.0,1.0,2.0,1.0,2.0,2.0,4.0,1.0,3.0,4.0,0.042250386943194426,0.030097057056142996,0.7123498560287375,0.45041488677952957,-0.011193803466257486,6.894855603597437,7.939282181934307,1.0444265783368705,13,-5.28575,90.95333333333333,70.45116883116884,-20.50216450216449,0.4045682763095475,0.0009066047513498476,91.93693918250703,0.038033333333329734,0.10918827149014021,0.000750985260160918,0.00015368730299091386
53,5,phase1,round_2,0,D1_6,D1_6_Team13,0.0,1.0,1.0,1.0,1.0,2.0,1.0,3.0,1.0,1.0,3.0,0.025966032421665924,0.009411900668904134,0.362469726451196,-0.6582302645140744,-0.01775824435605526,8.393358002169695,6.606453815411446,-1.7869041867582487,4,5.870966666666658,75.21171779141106,92.17638036809817,16.964662576687104,0.42264114620034166,0.001083488361751564,15.910816565010597,0.020899999999995773,0.04828220858895804,0.0003852844667441936,8.089082692173097e-05
54,5,phase3,round_4,0,D1_6,D1_6_Team13,0.0,1.0,1.0,2.0,1.0,3.0,1.0,2.0,1.0,2.0,3.0,0.17159276915391272,0.0469651228255982,0.273701060115605,1.7105393236043118,-0.0046077407860567205,9.083256660835163,13.193367631623358,4.110110970788195,13,-2.100616666666668,72.13258278145693,67.625,-4.507582781456932,0.12834272205557948,0.0009548962517176634,28.02966807966258,-0.07085833333333469,-0.18864686468646852,-0.0008389555374225292,-0.00028446318068149135
55,5,phase2,round_4,0,D1_6,D1_6_Team13,4.0,2.0,3.0,4.0,1.0,2.0,2.0,4.0,1.0,4.0,4.0,0.017759735686520506,0.009955350106908411,0.5605573350094641,0.09527104199845912,-0.0181950631740887,6.812040575656119,7.107132172761164,0.29509159710504473,8,-1.9168500000000037,76.06909677419354,70.30445161290322,-5.764645161290318,0.1551301781352836,0.0006047476528055052,51.18523195432514,-0.0990875000000027,-0.2940483870967654,0.0007947707425475856,-0.0004165808552500412
56,5,phase1,round_4,0,D1_6,D1_6_Team13,0.0,1.0,1.0,1.0,1.0,2.0,2.0,3.0,1.0,2.0,5.0,0.017973156096410346,0.00578605281750022,0.3219274782048896,-0.04986417254974188,-0.013603379104388002,6.0638511200771905,5.864739009783812,-0.19911211029337839,8,-7.979300000000003,85.53738562091505,68.39967320261438,-17.137712418300666,0.6363976486546086,0.0012705253199673658,41.97348522798789,0.0048166666666673245,0.007320261437911313,1.8055869025616024e-05,4.3884765680600956e-05
57,5,phase3,round_1,0,D1_6,D1_6_Team13,1.0,1.0,1.0,2.0,2.0,2.0,3.0,4.0,1.0,3.0,3.0,0.024438609425570725,0.00781509732755544,0.31978486138324663,-0.2560947819702231,-0.018682339630136748,8.56354230263874,7.799558335923411,-0.7639839667153296,8,-3.0230333333333363,74.88685897435897,64.76579617834395,-10.121062796015025,0.17055903557239233,0.00046784309232703606,27.03614302153525,0.02839999999999638,0.11142591693290882,-0.000844302852479998,0.00010142116594263148
58,5,phase2,round_1,0,D1_6,D1_6_Team13,1.0,1.0,1.0,2.0,2.0,2.0,3.0,4.0,1.0,3.0,3.0,0.0395357299356105,0.03094196706388862,0.7826330034700756,0.28003777561473003,-0.013320296345821043,7.960688545411114,8.645784443554312,0.6850958981431985,17,0.17311666666666442,75.48451219512195,75.01618181818182,-0.4683303769401306,0.10936485144555046,0.0003646100545577048,44.23851964405524,0.022024999999998525,0.059945620840260005,0.0007640367020260619,0.00015801686717282392
59,5,phase1,round_1,0,D1_6,D1_6_Team13,0.0,1.0,1.0,2.0,1.0,2.0,3.0,4.0,1.0,2.0,4.0,0.11672474669725591,0.005150248608240281,0.04412302235787467,-0.29052213237365765,-0.019100128027969284,8.784642653052511,8.126478757509563,-0.6581638955429483,8,-1.3691666666666704,71.02051948051948,68.41696774193548,-2.6035517385840024,0.10454291357725219,0.0004870456707451035,25.57952057615099,0.026774999999999036,0.04701443535358507,0.0009093821073282429,0.00012724552012685728
60,6,phase3,round_3,1,D1_6,D1_6_Team13,0.0,1.0,1.0,1.0,1.0,1.0,1.0,1.0,1.0,1.0,1.0,0.05814285531177671,0.017366655573963975,0.2986894173125756,0.6207606312073879,-0.011721274573116624,4.592062663767425,6.185724512155233,1.593661848387808,12,0.5781666666666591,81.49091503267974,82.39792207792208,0.907007045242338,0.10944452738791202,0.0004801585030670769,66.29785197480669,0.0035666666666626825,0.008559836868727189,1.3854407194351095e-05,1.6467194671716386e-05
61,6,phase2,round_3,1,D1_6,D1_6_Team13,0.0,1.0,1.0,2.0,1.0,2.0,1.0,2.0,1.0,2.0,2.0,0.004079844952750436,0.00048745362805820185,0.11947846883974941,-0.21930822821199886,-0.009258526057244526,4.9084069559582995,4.3280946463873455,-0.5803123095709539,4,-0.22903333333333556,83.92542483660131,83.19581699346405,-0.7296078431372592,0.12152312064977186,0.0005360042574282058,41.35433698084302,0.016099999999998393,0.03900319283088294,2.444486883461763e-05,6.795647814134347e-05
62,6,phase1,round_3,1,D1_6,D1_6_Team13,0.0,1.0,1.0,1.0,1.0,1.0,1.0,1.0,1.0,1.0,1.0,0.010395593862521,0.002442147513186038,0.23492140473000364,-0.01920084973863728,-0.00803408757325453,4.518471405601921,4.447649677661615,-0.07082172794030583,3,-13.378216666666678,167.02631578947367,136.85855263157896,-30.16776315789471,0.6467190615363485,0.0011561227636301846,27.4551069494314,0.03333333333333386,0.08408566721581678,0.0001015295404434997,0.00013980489564551356
63,6,phase3,round_2,1,D1_6,D1_6_Team13,2.0,2.0,1.0,2.0,1.0,1.0,1.0,2.0,1.0,1.0,3.0,0.018706438548213133,0.00560274807949775,0.2995090735768585,-0.3262955672378335,-0.009687002418915958,5.767146486662234,4.896358818658341,-0.8707876680038931,5,2.369716666666669,71.89653594771244,79.66032467532467,7.763788727612237,0.28003617880179077,0.0009975753703060561,28.472492192219317,0.015883333333333208,0.03979765238508293,8.958488862674394e-05,6.795351323282593e-05
64,6,phase2,round_2,1,D1_6,D1_6_Team13,2.0,2.0,1.0,2.0,1.0,1.0,1.0,2.0,1.0,1.0,3.0,0.004538721777736159,0.0020286394501737334,0.44696272420240435,-0.06552151267366582,-0.011438763687261384,4.804994637906312,4.633769257272653,-0.17122538063365944,6,-0.13773333333333718,83.15562091503267,81.86512987012986,-1.290491044902808,0.13618038786556488,0.0009308692638475122,26.439919332876674,0.013133333333333115,0.033420195439745726,0.00010451570339762886,5.8937410022433346e-05
65,6,phase1,round_2,1,D1_6,D1_6_Team13,0.0,1.0,1.0,1.0,1.0,1.0,1.0,2.0,1.0,1.0,1.0,0.011247978736426302,0.00062476192317339,0.05554437271028206,-0.6565273842945014,-0.017760156867823538,7.440514049494899,5.780864639351548,-1.6596494101433512,4,0.4600833333333337,84.79343558282207,85.80823170731706,1.0147961244949926,0.09648102900081024,5.856182100304057e-05,100.23410002271099,0.03344999999999754,0.0879632465543736,0.00021965659126037924,0.00013134044902263952
66,6,phase3,round_4,1,D1_6,D1_6_Team13,0.0,1.0,1.0,1.0,1.0,1.0,1.0,1.0,1.0,1.0,1.0,0.03750986931639201,0.009399501938167477,0.2505874349730098,-0.07282912448824463,-0.010180591231732268,5.95714689598516,5.652589139507139,-0.30455775647802064,7,0.6443166666666506,82.35894039735099,82.98927631578947,0.630335918438476,0.10800110374711926,0.0001453216506011136,27.61257417094715,-0.012708333333337063,-0.031554755475553975,4.527856386394471e-05,-5.2862196361533305e-05
67,6,phase2,round_4,1,D1_6,D1_6_Team13,1.0,1.0,1.0,2.0,1.0,2.0,2.0,2.0,1.0,2.0,2.0,0.055161601326520676,0.005431093673541251,0.09845786820786295,-0.12614362765068576,-0.010191292458017606,6.075760485849607,5.8809548450944105,-0.19480564075519613,13,0.029166666666663402,86.80181818181818,86.43967532467532,-0.36214285714285666,0.09046567906088954,9.797149669956151e-05,61.73662380124392,-0.011800000000000798,-0.028071312803888304,-0.00016212087015396527,-4.681014935360315e-05
68,6,phase1,round_4,1,D1_6,D1_6_Team13,0.0,1.0,1.0,2.0,1.0,2.0,1.0,2.0,1.0,2.0,2.0,0.017991126355585856,0.0039447527726047754,0.2192610231643454,-0.32664012014281024,-0.013077620594395703,6.438562145225667,5.472240527797887,-0.9663216174277798,6,-0.0593833333333375,80.66294117647058,81.42032679738563,0.7573856209150449,0.08826933448166498,0.00018510997845517558,27.65862241047063,-0.002300000000001068,-0.006274509803930073,-2.7431031788640546e-05,-1.1544503328696957e-05
69,6,phase3,round_1,1,D1_6,D1_6_Team13,1.0,1.0,1.0,3.0,1.0,2.0,2.0,2.0,1.0,2.0,3.0,0.02754542551970025,0.004960449248035759,0.18008250569547704,-0.4226725267707037,-0.023184128728237673,7.464063438758908,6.578182623264109,-0.885880815494799,5,0.08385000000000245,87.10083333333333,87.49484076433122,0.39400743099788826,0.08334166625004162,5.969599794297578e-05,116.81491870633212,0.00023333333332994468,-0.0017725128205157148,-1.6666956023514788e-05,-1.1085791710051019e-06
70,6,phase2,round_1,1,D1_6,D1_6_Team13,1.0,1.0,1.0,3.0,1.0,2.0,2.0,2.0,1.0,2.0,3.0,0.22744406260602018,0.037719377705850814,0.16584023901819112,0.7785531055545246,-0.010351090412731061,6.492929615211387,8.406793584400233,1.9138639691888466,14,0.11823333333332495,87.80325301204819,88.2122754491018,0.40902243705360775,0.09822828096186415,0.00029259067422762026,30.731195346644007,0.04335000000000073,0.12845112781954526,8.50014757199626e-05,0.0001844770805502556
71,6,phase1,round_1,1,D1_6,D1_6_Team13,0.0,1.0,1.0,2.0,1.0,1.0,2.0,2.0,1.0,2.0,2.0,0.02026345202506441,0.0035772836543822616,0.17653870870360208,-0.28095526543448623,-0.0127178475580046,5.278906383524801,4.617747455733721,-0.6611589277910808,7,0.12204999999999659,91.51354838709678,91.5536129032258,0.0400645161290214,0.09879205712081218,0.00010955985534418815,141.05503433523094,0.04252916666666644,0.10431561996779237,0.00042337540582307624,0.00017546147967599152
72,7,phase3,round_3,1,D1_1,D1_1_Team4,1.0,1.0,1.0,1.0,1.0,1.0,1.0,2.0,1.0,1.0,2.0,0.00023781027257072432,8.744481223641772e-05,0.36770830499095364,0.009207470819986581,-0.0011682013306693849,0.6011350471523929,0.6154371625867877,0.014302115434394858,9,-0.8216833333333325,79.27296052631579,76.43790849673202,-2.835052029583764,0.10733616646582314,0.00015319551504101885,42.19033810981319,0.24263333333333115,0.6349459901800358,-0.0008976544731679862,0.0009744625607897344
73,7,phase2,round_3,1,D1_1,D1_1_Team4,5.0,1.0,1.0,1.0,1.0,1.0,1.0,4.0,1.0,2.0,4.0,0.0001317375639426603,4.87174643842639e-05,0.3698069322541027,-0.013799200736466288,-0.001435386951396946,0.7298059422596579,0.6991084810121213,-0.030697461247536584,11,-0.7575166666666663,71.59993750000001,70.5403125,-1.0596250000000111,0.1412450237700851,0.00020784124951503386,65.83243660519733,-0.08941666666666814,-0.24618749999999778,-0.0004238268025486612,-0.00037393043452782883
74,7,phase1,round_3,1,D1_1,D1_1_Team4,0.0,1.0,1.0,1.0,1.0,1.0,2.0,2.0,1.0,1.0,2.0,0.00013294214672132562,5.029594056389026e-05,0.37832953509710515,-0.03371747505005519,-0.0018018762312556834,0.9309016204032354,0.8422718831564139,-0.08862973724682155,7,-1.8566166666666792,75.65895424836602,70.86692810457517,-4.792026143790849,0.17536472531625588,0.00016613793828314073,90.85408811839667,-0.021100000000002693,-0.033074863878994165,-0.0002953523498671468,-8.673336166716776e-05
75,7,phase3,round_2,1,D1_1,D1_1_Team4,1.0,1.0,1.0,2.0,1.0,1.0,1.0,1.0,1.0,1.0,2.0,0.00019634768177178712,9.891204325152272e-05,0.5037596693730623,-0.03204348942436039,-0.002567323696823519,1.0858019913439874,0.989337086514383,-0.09646490482960435,4,0.6371999999999938,78.848,78.64993975903614,-0.198060240963855,0.18509538900335418,0.0004259632841946921,55.10551172877259,0.19256666666666292,0.442919818456879,0.0009986327887638452,0.0005958947957015317
76,7,phase2,round_2,1,D1_1,D1_1_Team4,5.0,2.0,1.0,1.0,1.0,1.0,1.0,3.0,1.0,2.0,4.0,0.000578289587378633,0.00014948671902405617,0.2584980298567615,-0.003389974873812776,-0.002125364179080512,1.3751633012913158,1.3517418537831023,-0.02342144750821351,7,3.054299999999995,73.38924999999999,81.36975,7.980500000000006,0.1839977511106947,0.00041997477235766745,75.63775940512267,-0.108166666666669,-0.25740302490667233,-0.0007748051181443875,-0.0004154857488941687
77,7,phase1,round_2,1,D1_1,D1_1_Team4,0.0,1.0,1.0,2.0,1.0,1.0,2.0,2.0,1.0,1.0,1.0,0.00018403641325035326,1.4380217486118522e-05,0.07813789256236181,-0.058030236953252004,-0.0027440765071809372,1.2927174233170067,1.14035679242556,-0.1523606308914467,6,0.32421666666666205,73.76529411764706,74.94496732026144,1.1796732026143815,0.10592295375010814,6.928449341158555e-05,213.46686041652433,0.23554999999999876,0.6294117647058783,-0.0003704404590357117,0.0009411869408434061
78,7,phase3,round_4,1,D1_1,D1_1_Team4,0.0,1.0,1.0,1.0,1.0,1.0,1.0,1.0,1.0,1.0,1.0,6.1623393727628e-05,3.5231579769313407e-06,0.05717241073257835,-0.007648622886615888,-0.001301336179536566,0.6721192000129135,0.641385885353969,-0.030733314658944466,2,-2.087333333333333,80.22686274509803,74.32331168831169,-5.903551056786341,0.12683554273925263,0.00011636458147266095,133.52364754088887,-0.009033333333335948,-0.04006025792944001,-0.00015194708241477405,-2.6937336552623206e-05
79,7,phase2,round_4,1,D1_1,D1_1_Team4,4.0,1.0,1.0,1.0,1.0,1.0,1.0,2.0,1.0,1.0,2.0,0.00014734648413501593,3.553999088052501e-05,0.24120012831768115,0.0422681535231779,-0.0011834628605672283,0.6195915998456726,0.7365668569517575,0.11697525710608492,10,1.1483000000000023,71.30166666666668,74.2325,2.930833333333325,0.12221692800901776,0.00032235514189548974,67.21566826520468,-0.01595000000000391,-0.0719871794871807,0.00038132606468854703,-5.406434826473892e-05
80,7,phase1,round_4,1,D1_1,D1_1_Team4,0.0,1.0,1.0,1.0,1.0,1.0,2.0,2.0,1.0,1.0,4.0,4.731793775444561e-05,1.8358374556170584e-05,0.387979177187319,0.0056500169201435515,-0.001074585188374153,0.610725433075207,0.6193975876101002,0.008672154534893228,9,0.13149999999998907,72.8977108433735,75.11071856287424,2.2130077195007374,0.1303193482569666,0.00024150879261657153,27.955271416263265,-0.07407500000000115,-0.20735735735735972,0.00022348912307516944,-0.0003029804905894026
81,7,phase3,round_1,1,D1_1,D1_1_Team4,2.0,1.0,1.0,1.0,1.0,1.0,2.0,2.0,1.0,1.0,3.0,0.01278737346681873,0.0015806473283618496,0.12361000736104145,-0.5872653117805171,-0.011846206543972792,3.9871484094950036,2.454749293601229,-1.5323991158937744,3,-2.4321666666666797,75.46086666666666,69.98226666666666,-5.4786,0.10411275081825062,8.54782873959186e-05,47.53893774203892,0.21316666666666323,0.5391778424847473,0.0007947273390163044,0.0008766194560550619
82,7,phase2,round_1,1,D1_1,D1_1_Team4,1.0,1.0,1.0,3.0,2.0,1.0,2.0,3.0,1.0,2.0,3.0,0.008198662022725556,0.0017222943600166394,0.2100701742848623,0.41315154141118077,-0.0022152670820319987,2.149799464138784,3.144799144585278,0.9949996804464938,16,-1.6932000000000007,77.52064327485381,70.9117441860465,-6.608899088807306,0.19208763838080117,0.0003126222536255661,22.015175469329446,0.027566666666662545,0.19951480070652394,-0.0005053559957638687,0.00023276527601751845
83,7,phase1,round_1,1,D1_1,D1_1_Team4,0.0,1.0,1.0,1.0,1.0,1.0,2.0,2.0,1.0,1.0,2.0,0.01997061320978115,0.0026652167458134333,0.1334569308321525,-0.38042979930128895,-0.0056036365334458955,4.845056724156352,3.3167787176365,-1.5282780065198525,11,-0.244184523809525,78.22004484304932,77.34430493273543,-0.8757399103138965,0.09544573138935782,0.00019724976511942307,37.66170249561139,0.08161309523809772,0.3169506726457385,0.0016014861369121926,0.0003178887514403311
84,8,phase3,round_3,0,D1_1,D1_1_Team4,2.0,2.0,2.0,1.0,1.0,1.0,1.0,1.0,1.0,2.0,1.0,0.00010954561319722239,1.2093264267821831e-05,0.11039478364185618,-0.05767441432831723,-0.0011571806939580744,0.4389046050882937,0.2887767872459171,-0.1501278178423766,7,-0.44925000000000426,70.20470588235294,70.19705882352942,-0.007647058823522457,0.11041649912349392,0.00036892818104361405,37.252344827508885,0.03343333333333278,0.1025574168565413,0.00020139238528446462,0.0001355004760836038
85,8,phase2,round_3,0,D1_1,D1_1_Team4,4.0,1.0,1.0,3.0,1.0,2.0,1.0,3.0,1.0,3.0,3.0,0.00013958709359712928,2.1732227013589054e-05,0.1556893725168585,0.005513742538348696,-0.0008186898854511506,0.4879615694393463,0.5172261295041523,0.029264560064805933,10,0.48764999999999104,73.76583850931677,76.26279503105592,2.4969565217391505,0.17812890428578995,0.0010501118426034946,35.9220946713801,0.01058333333333086,0.05111801242235714,0.0002797704821264194,0.00011082575018218061
86,8,phase1,round_3,0,D1_1,D1_1_Team4,1.0,1.0,1.0,2.0,1.0,1.0,1.0,2.0,1.0,1.0,2.0,3.292190109992866e-05,2.018148846116585e-06,0.06130110287345946,-0.03691451717084778,-0.0016854319419812504,0.4725908269025142,0.3840548875046455,-0.08853593939786869,3,-8.048266666666681,84.45081081081082,72.59201342281878,-11.858797387992041,0.33346512034467174,0.0013210537585721224,48.21388557370559,-0.026516666666669745,-0.09141985683161735,0.00023208736262774756,-0.00014194756578372596
87,8,phase3,round_2,0,D1_1,D1_1_Team4,2.0,1.0,1.0,2.0,1.0,2.0,1.0,2.0,1.0,2.0,3.0,6.167886681574282e-05,7.344153219208832e-06,0.11907081952637824,-0.027448723177432917,-0.0008798536571773418,0.41391786069154146,0.34760667108194043,-0.06631118960960103,5,-2.6738333333333406,75.41444444444444,70.6559509202454,-4.758493524199039,0.14204090003921613,0.0002873379452328179,42.27977364848762,-0.012033333333333337,-0.06047998103591823,-0.0001877810378651874,-0.00012134803780007719
88,8,phase2,round_2,0,D1_1,D1_1_Team4,5.0,1.0,1.0,3.0,2.0,2.0,1.0,3.0,1.0,3.0,2.0,0.0001312186317895989,7.264162402407786e-06,0.055359229884788225,-0.09048159324222908,-0.0016719600547532765,0.8204910544796744,0.581659428283182,-0.23883162619649245,3,-1.1202000000000158,73.39981132075472,70.76597484276729,-2.6338364779874297,0.16976138384448602,0.0006790209788869312,35.23829795526531,0.014799999999995591,0.0540251572327044,-4.500078126336508e-05,7.42207578993597e-05
89,8,phase1,round_2,0,D1_1,D1_1_Team4,1.0,1.0,1.0,3.0,1.0,2.0,1.0,2.0,1.0,2.0,3.0,0.00010084350275759913,7.899402201790424e-06,0.07833327865235383,-0.06552643082190533,-0.0014920912186193998,0.6641309176706266,0.49431008063246934,-0.16982083703815726,3,-1.3143500000000057,73.2383660130719,71.33823529411765,-1.9001307189542445,0.1373603612854124,0.00011860421985552902,167.94190000129134,0.016116666666667043,0.03749473166244144,0.0002501171895345231,6.176780350240446e-05
90,8,phase3,round_4,0,D1_1,D1_1_Team4,0.0,1.0,1.0,1.0,1.0,1.0,1.0,1.0,1.0,1.0,1.0,8.829171062574567e-05,1.3213339886175571e-06,0.014965549758328717,-0.07247090712624327,-0.0012154266599261232,0.425708608252288,0.24441359351363653,-0.18129501473865148,2,0.16261666666666383,68.1490909090909,68.8059090909091,0.6568181818181955,0.06483253295213917,3.8931759708057094e-05,35.57882626703999,0.05516666666666628,0.14038961038961162,0.0003076442299344976,0.00022071769212247272
91,8,phase2,round_4,0,D1_1,D1_1_Team4,5.0,1.0,1.0,3.0,1.0,4.0,1.0,4.0,1.0,3.0,4.0,0.00026265580730464695,4.246653291632752e-05,0.16168130205121184,0.0014125424361828914,-0.000817599611839894,0.34468068230278537,0.34466915037056217,-1.1531932223196595e-05,17,-2.58060000000001,68.89519230769231,63.36617834394903,-5.529013963743282,0.1771760315444677,0.001576085533958127,26.741014485872668,-0.04326666666666786,-0.11419364102564344,0.0002925050782130883,-0.00016319985218943343
92,8,phase1,round_4,0,D1_1,D1_1_Team4,1.0,1.0,1.0,1.0,1.0,1.0,1.0,1.0,1.0,1.0,2.0,8.145044804186549e-05,2.8101902340844294e-06,0.03450183886821584,-0.07632620247375457,-0.001298388830631157,0.5512230888239213,0.3574286956334779,-0.19379439319044345,3,-2.9791000000000065,73.24470198675498,66.5294701986755,-6.715231788079478,0.16767315144138492,0.00016155399201184416,29.779181032164118,-0.025016666666668075,-0.06622516556291558,0.0003723675758259337,-0.0001053228752010109
93,8,phase3,round_1,0,D1_1,D1_1_Team4,2.0,1.0,1.0,3.0,1.0,3.0,1.0,3.0,1.0,2.0,3.0,0.0002860918933876321,2.504247914231771e-05,0.08753299104629683,-0.12769636434840204,-0.0036858438674821315,1.0309489695704168,0.729276792243546,-0.3016721773268708,5,-12.315983333333348,88.00832214765099,69.83800000000001,-18.170322147650978,0.3414079612035349,0.0008550604947420745,36.860766898766585,-0.05213333333333503,-0.08841402337228743,-0.0004956683275751705,-0.00015610823812808308
94,8,phase2,round_1,0,D1_1,D1_1_Team4,4.0,1.0,1.0,4.0,1.0,3.0,1.0,4.0,1.0,4.0,4.0,0.00024381985796781977,3.4559455912474886e-05,0.14174176049694923,-0.03174571423995121,-0.0012732180995814466,0.6318254073215377,0.5710865942905944,-0.060738813030943306,8,-6.265366666666671,89.43895953757225,64.52798850574713,-24.910971031825113,0.49536318199975754,0.001651802059924082,16.06070025549219,-0.01124166666666853,-0.04359712230215962,-0.00020248615427349235,-8.16175613325782e-05
95,8,phase1,round_1,0,D1_1,D1_1_Team4,1.0,1.0,1.0,3.0,1.0,3.0,2.0,3.0,1.0,2.0,2.0,4.4571130583961474e-05,2.5162862027691e-06,0.056455516604610505,0.0006412701740958035,-0.00036557663458699173,0.3910198072660332,0.3830124110845677,-0.00800739618146551,4,-1.0712559523809548,70.90241071428571,67.39562500000001,-3.506785714285698,0.09940539103759817,0.000411662864000588,61.16911353836511,-0.021708333333333763,-0.1069050279329602,4.131148110211101e-05,-0.00010177058795815814
96,9,phase3,round_3,1,D1_1,D1_1_Team2,3.0,1.0,1.0,1.0,1.0,1.0,1.0,2.0,1.0,2.0,2.0,5.9973840463486855e-05,7.514685467681853e-06,0.12529938735967605,-0.015122767086164987,-0.0005984115242115253,0.35368121097024285,0.3078369867708317,-0.04584422419941114,6,-1.1854833333333337,85.68826666666665,82.8432450331126,-2.8450216335540546,0.14835542906592025,0.00023091327628151016,48.97619549503759,0.04326249999999875,0.12372093023255815,-0.00010934217607937781,0.0001805154749360099
97,9,phase2,round_3,1,D1_1,D1_1_Team2,4.0,2.0,1.0,1.0,2.0,2.0,1.0,3.0,1.0,2.0,2.0,0.0001321945373512094,3.0551790702707234e-05,0.23111235392078572,-0.014136643825015812,-0.0009524456970350656,0.43404688545986136,0.42004815929975836,-0.013998726160103003,7,-0.012566666666674307,79.56624203821656,80.385,0.8187579617834473,0.2308279200235976,0.0009025023233873731,24.82700265948004,0.030049999999996694,0.08171701112878083,5.625097657982063e-06,0.000132141123871974
98,9,phase1,round_3,1,D1_1,D1_1_Team2,3.0,1.0,1.0,1.0,1.0,2.0,1.0,2.0,1.0,2.0,3.0,5.0380050010390234e-05,3.4445714413463215e-05,0.6837173525305995,-0.012180796606042012,-0.0016582848929393445,0.5131394579537794,0.49112601822251983,-0.02201343973125952,6,-5.7998000000000225,88.64466216216216,77.49691275167784,-11.147749410484323,0.2997380613225578,0.0004790106552570874,61.81694327820534,0.011983333333335202,0.0663299663299668,-0.00011652980086454613,0.00011484497855278115
99,9,phase3,round_2,1,D1_1,D1_1_Team2,4.0,1.0,1.0,1.0,1.0,2.0,1.0,2.0,1.0,2.0,2.0,8.163331248257258e-05,0.00011018130984707341,1.349710142787546,-0.0037720928402806366,-0.0006084206535900586,0.29307799770844595,0.2941292790925418,0.0010512813840958257,8,-1.0214166666666684,84.65652694610777,82.52511904761903,-2.131407898488746,0.09821612487585091,9.37279378466981e-05,64.0751296969421,0.06911250000000067,0.21274626865671564,0.00021110175523873702,0.00030523919540492755
100,9,phase2,round_2,1,D1_1,D1_1_Team2,1.0,1.0,1.0,2.0,1.0,2.0,1.0,3.0,1.0,3.0,3.0,8.168058954599011e-05,1.738463785905575e-05,0.21283683131678868,-0.0071357436476230645,-0.0007345788898245665,0.3657728934339953,0.342952130496278,-0.022820762937717343,8,-0.5223000000000015,83.85559748427673,84.71264150943396,0.8570440251572364,0.1607651264034208,0.00026796457311925495,56.24413674020555,0.07129166666666635,0.18610097449720087,0.0002779562145176135,0.0002919732681231181
101,9,phase1,round_2,1,D1_1,D1_1_Team2,4.0,1.0,1.0,1.0,1.0,2.0,1.0,2.0,1.0,1.0,3.0,7.034799050403598e-05,2.3632223172361362e-05,0.33593316600856626,-0.004356249746745844,-0.0009201589695056976,0.4987733117395839,0.4804334751228856,-0.018339836616698302,11,-0.1590666666666724,85.99019607843137,84.92274509803921,-1.0674509803921524,0.14929341777239852,0.00031374467850801526,70.53395603967023,0.06203333333332829,0.1641875795599148,0.0006123717425650275,0.0002543893906001246
102,9,phase3,round_4,1,D1_1,D1_1_Team2,4.0,1.0,1.0,1.0,1.0,2.0,1.0,2.0,1.0,2.0,2.0,3.7291905112016563e-06,1.7119558572394773e-06,0.45906902640054026,0.004300476455220236,-0.0008014280779650029,0.5116273555005321,0.5200388212896979,0.00841146578916585,3,0.2848666666666583,89.49552631578948,89.2408552631579,-0.2546710526315792,0.1504152667625447,0.0002084584660730024,38.553469609207596,-0.027883333333330543,-0.06151315789473699,-0.00027819927429300614,-0.0001177129500155705
103,9,phase2,round_4,1,D1_1,D1_1_Team2,1.0,1.0,1.0,1.0,1.0,3.0,1.0,3.0,1.0,3.0,3.0,4.5195463342002685e-06,1.574775600621524e-06,0.3484366536315596,0.0010716944485887427,-0.0010080105212249698,0.4816675176723777,0.4839951614149282,0.0023276437425505114,3,-0.17528333333334484,82.74466666666666,81.34684848484848,-1.397818181818181,0.2252124967514217,0.0003091320245738448,18.60045873866332,0.017049999999999794,0.041575757575763816,0.00030396361047936425,5.9595993799391624e-05
104,9,phase1,round_4,1,D1_1,D1_1_Team2,3.0,1.0,1.0,1.0,1.0,2.0,1.0,,,,,3.604823117391026e-05,3.13875432295156e-06,0.08707096633421556,-0.011865953561585261,-0.0009893164256033434,0.4980646020625349,0.4567900116125418,-0.0412745904499931,4,-1.0781666666666707,84.70361963190184,82.81355828220859,-1.890061349693255,0.1515164372905816,0.00022572217659988638,24.026137661746336,0.03872500000000081,0.11341565123971975,-4.2170871021787185e-05,0.0001727595827610744
105,9,phase3,round_1,1,D1_1,D1_1_Team2,3.0,1.0,1.0,1.0,1.0,2.0,1.0,2.0,1.0,1.0,2.0,6.259043749271353e-05,1.0247299426386695e-05,0.16371988816310215,-0.0031918332328031156,-0.0010761859274336042,0.28111707746438813,0.28156922041717003,0.00045214295278189764,3,-0.4445380952380885,86.09156756756757,85.74794594594594,-0.34362162162162235,0.1458281648329176,0.00020450580933959727,117.83836820671053,0.0504428571428598,0.1524864864864881,-0.00041332314797130237,0.00020823655194108403
106,9,phase2,round_1,1,D1_1,D1_1_Team2,2.0,1.0,1.0,1.0,1.0,3.0,1.0,2.0,1.0,3.0,3.0,1.1424707090335659e-05,3.6974970807545206e-06,0.32364042697272233,0.0046176283928697735,-0.00048063048070556624,0.39391384445240746,0.4088644687484399,0.014950624296032444,5,-0.2990380952380858,84.30071428571428,86.21066326530612,1.9099489795918458,0.2114273741189968,0.0006011921130598964,49.60261258840726,0.10109047619047867,0.3118481703026035,0.0006537960728485015,0.0003912461565691087
107,9,phase1,round_1,1,D1_1,D1_1_Team2,1.0,1.0,1.0,2.0,1.0,2.0,2.0,3.0,1.0,2.0,3.0,6.820323471917603e-06,6.378335430475557e-07,0.09351954429636786,0.01727032408627247,-0.00019658815517729528,0.21611904331962112,0.27732315657922013,0.06120411325959901,4,0.2210714285714285,78.75607142857143,78.2285267857143,-0.5275446428571371,0.11918815610122435,0.0005358068599180519,42.34934552301978,0.007607142857142628,0.011997900341199852,0.002003507005329983,5.632452529705863e-05
108,10,phase3,round_3,1,D1_1,D1_1_Team1,2.0,1.0,1.0,2.0,1.0,2.0,1.0,3.0,1.0,2.0,3.0,0.0009892188946855464,0.0001161118219890034,0.11737727879319683,-0.02477682808604218,-0.0006779285116372767,0.3398883202458959,0.26550836793496335,-0.07437995231093253,13,-1.0008333333333315,69.60249999999999,66.82559210526315,-2.776907894736837,0.22204495129599214,0.0026535929285476214,17.905834084953973,0.08669999999999756,0.22059411037891152,-0.001033976284310486,0.00034382469842306895
109,10,phase2,round_3,1,D1_1,D1_1_Team1,3.0,1.0,1.0,3.0,1.0,3.0,2.0,3.0,1.0,3.0,3.0,4.9956381619668165e-05,1.1006603867809771e-05,0.22032428112200178,0.026109235004432397,-0.0004142166743808978,0.2931430275396332,0.36743941587164214,0.07429638833200891,12,-0.4123999999999942,82.03320987654321,82.2884662576687,0.2552563811254913,0.26366657302053875,0.00048587374746323665,38.181289535287995,-0.017316666666668337,-0.034184946236560876,-0.0015559992360978164,-7.140778192327089e-05
110,10,phase1,round_3,1,D1_1,D1_1_Team1,2.0,1.0,1.0,2.0,1.0,2.0,2.0,2.0,1.0,2.0,2.0,0.00017453647666025248,1.969322001954546e-05,0.11283154327607801,0.011003312339082144,-0.0010255407513959519,0.2631827341995816,0.2917500595327665,0.0285673253331849,7,-3.0599500000000113,62.957635135135135,58.944362416107374,-4.013272719027761,0.2540263606240343,0.0020128338408976036,18.09910245155249,-0.007191666666675445,0.03451178451178194,-0.0009325856351673227,5.9617762026006886e-05
111,10,phase3,round_2,1,D1_1,D1_1_Team1,4.0,2.0,1.0,2.0,3.0,2.0,1.0,2.0,1.0,2.0,2.0,4.032699155721378e-05,1.988660170044706e-05,0.49313377796191454,-0.02837355695254233,-0.0009865597013559372,0.3831808322167462,0.30413134542603476,-0.07904948679071144,7,1.4677833333333339,83.40151515151516,77.0778787878788,-6.3236363636363535,0.4970707508061512,0.0015918530272805637,51.816472896078615,-0.17271666666666746,-0.4933736762481047,-0.0004046250802965756,-0.00069005628418524
112,10,phase2,round_2,1,D1_1,D1_1_Team1,4.0,2.0,1.0,3.0,2.0,3.0,2.0,3.0,1.0,3.0,3.0,0.0003838998834256712,4.447199133607173e-05,0.115842679969665,0.029831528650407498,-0.00012095138300676145,0.3115950124503153,0.41759643975687627,0.10600142730656098,26,-0.3511249999999956,65.65023696682465,66.61398104265402,0.9637440758293678,0.18880358404746617,0.0006470596589156232,46.888290747619884,-0.007119047619046702,-0.001126253000734323,0.00042531988402572574,-2.9702046161609096e-05
113,10,phase1,round_2,1,D1_1,D1_1_Team1,2.0,1.0,1.0,2.0,1.0,2.0,2.0,2.0,1.0,1.0,2.0,2.292992633611048e-05,9.846263822992894e-07,0.042940669231400067,-0.02517679893138989,-0.0006917042424884263,0.3451531578724334,0.2799474947464338,-0.06520566312599957,3,-9.889916666666668,79.61653594771242,57.41052287581699,-22.206013071895434,0.43310203999655816,0.0007910155345856695,145.39513872550927,-0.12819999999999884,-0.29823529411764227,-0.0009351377628084671,-0.0005296923021047952
114,10,phase3,round_4,1,D1_1,D1_1_Team1,4.0,2.0,1.0,2.0,3.0,2.0,1.0,2.0,1.0,2.0,2.0,0.0009223347506492955,8.945459972829306e-05,0.09698712930996013,0.0079642722151198,-0.00034412096083961404,0.20166276262550148,0.21724674599731042,0.01558398337180894,12,-3.1146166666666626,70.86205298013243,63.58748344370861,-7.274569536423826,0.241154476897226,0.0013725539517285988,37.91774390342866,0.07279166666666959,0.20398527721525994,-0.00020958697199609821,0.00029122463250759776
115,10,phase2,round_4,1,D1_1,D1_1_Team1,7.0,2.0,1.0,2.0,3.0,2.0,2.0,2.0,1.0,3.0,3.0,0.00018565022547098806,3.6067080816441184e-05,0.19427437119960547,0.03409452703812482,-0.0006345256120745361,0.3482462413464734,0.4348244643401138,0.08657822299364037,12,-0.4748666666666736,68.86217948717949,69.0123717948718,0.15019230769230774,0.16771684145234916,0.00038955947019645825,30.442199438457585,0.08071666666666495,0.20320589743590034,0.0002478775673189196,0.0003324510685471571
116,10,phase1,round_4,1,D1_1,D1_1_Team1,2.0,1.0,1.0,1.0,1.0,2.0,2.0,2.0,1.0,2.0,3.0,7.180187550245459e-05,1.181647492430996e-05,0.16457056088884484,-0.02144464123334804,-0.0007820834340068116,0.38206861764961575,0.3288371055586437,-0.053231512090972044,7,-6.798083333333333,99.59192052980131,80.11111842105262,-19.48080210874869,0.5282424312994608,0.0022648059196120496,72.134142773849,0.14407500000000031,0.36497528830313186,-0.0003303442768104044,0.0006135496179206125
117,10,phase3,round_1,1,D1_1,D1_1_Team1,1.0,1.0,1.0,3.0,1.0,3.0,2.0,3.0,1.0,2.0,2.0,0.0004088607888604059,0.000196915726129456,0.48162047203965885,0.0033292422838000243,-0.0007839198646981206,0.4663309648590191,0.4846492197877049,0.01831825492868583,15,-1.4379380952380891,79.08830601092896,73.82364130434783,-5.264664706581129,0.2629597197436336,0.001293906997053962,47.62262760488403,-0.07820952380952041,-0.24108991825612947,-0.0001997256896821822,-0.0003373986761890416
118,10,phase2,round_1,1,D1_1,D1_1_Team1,2.0,1.0,1.0,4.0,1.0,4.0,2.0,3.0,1.0,3.0,4.0,0.00013400487768572397,4.9567655410362926e-05,0.3698944118035156,0.016342046228442354,-0.00070464195242904,0.4063201180220101,0.46426090515356916,0.057940787131559035,17,7.760533333333326,88.63633720930233,102.56459302325582,13.928255813953498,0.5580450570646475,0.000854357910301454,106.47335685058407,0.017250000000000227,0.026133720930236137,0.00039266306706714,9.108734402858849e-06
119,10,phase1,round_1,1,D1_1,D1_1_Team1,2.0,1.0,1.0,4.0,1.0,3.0,3.0,3.0,1.0,2.0,3.0,0.00011579154525287253,2.554305050654312e-05,0.22059512592875993,0.01906314003228649,-0.00018813068071339066,0.2721363696779827,0.34110900281109635,0.06897263313311364,15,-4.649083333333328,80.47463963963965,55.74103603603603,-24.73360360360362,0.48563007407774744,0.003436561706402144,39.998450371810684,0.020845238095239072,0.06678454889085117,-0.0002757947186582524,5.807382375426812e-05
120,11,phase3,round_3,0,D1_1,D1_1_Team1,1.0,2.0,1.0,1.0,1.0,2.0,1.0,2.0,1.0,2.0,,0.0009083186313676417,0.0001043999225430263,0.1149375548818512,-0.16546494536193485,-0.0036515291397567064,1.5094602359707119,1.1028883161567369,-0.406571919813975,7,-3.596733333333342,69.27222222222223,60.66137254901961,-8.610849673202615,0.27405934501520646,0.0009342618628271385,20.4315495854632,0.4142666666666675,1.1382201576757325,-0.0012192485980659165,0.001724528202026642
121,11,phase2,round_3,0,D1_1,D1_1_Team1,3.0,1.0,1.0,1.0,1.0,3.0,1.0,3.0,1.0,4.0,3.0,0.003299497922241851,0.0011124002101428523,0.3371422672050145,0.28817249823641977,-0.0019198850934872159,1.364055120663047,2.1690181709880547,0.8049630503250078,14,-3.297349999999998,75.59615384615384,65.55993630573248,-10.036217540421362,0.16423872556239272,0.0006906661553309537,51.926287595143656,-0.1941791666666659,-0.5395519999999934,0.00041764613968994487,-0.0007790090105657439
122,11,phase1,round_3,0,D1_1,D1_1_Team1,2.0,2.0,1.0,2.0,1.0,,1.0,3.0,1.0,2.0,3.0,0.0004279168519822574,0.00020549851982228757,0.4802300233569864,-0.05605899845942346,-0.0029289120659689053,0.9420372251005243,0.8179599449449388,-0.1240772801555855,11,1.096199999999988,68.09604026845638,71.52433333333333,3.4282930648769536,0.211995156333169,0.0004920064681955052,16.72783051107458,0.07708333333333109,0.27631603206187094,-0.0003785482386847563,0.00037585484197940667
123,11,phase3,round_2,0,D1_1,D1_1_Team1,4.0,2.0,1.0,1.0,1.0,3.0,1.0,2.0,1.0,1.0,2.0,0.0009113626654181002,0.00017970594927602958,0.19718379531554214,-0.09646879632274794,-0.003002256868727714,1.2073367561425892,0.9929590080732609,-0.2143777480693283,9,-2.682516666666661,65.06743421052632,60.639934640522874,-4.427499570003441,0.21381327933749258,0.0010510304258441266,16.117409367190103,0.2709583333333316,0.737427553672866,-0.0013320196531189806,0.0011785977256357938
124,11,phase2,round_2,0,D1_1,D1_1_Team1,4.0,3.0,2.0,1.0,1.0,3.0,1.0,4.0,1.0,3.0,3.0,0.005104569435852738,0.0008807398551953428,0.17253949941582325,0.1149780875055011,-0.0008621646238688751,1.0688454664006217,1.4997861419424705,0.4309406755418488,19,0.8425119047619035,71.93570754716981,78.39556603773585,6.459858490566035,0.27660086374604664,0.003597834420777334,48.32563304790386,-0.11706845238095175,-0.39004930367907065,-0.00027490060591324315,-0.0004859141101622569
125,11,phase1,round_2,0,D1_1,D1_1_Team1,4.0,3.0,3.0,1.0,1.0,,1.0,3.0,4.0,2.0,2.0,0.0005847604331935956,8.44400269696695e-05,0.14440106097553643,-0.049566981486517225,-0.002208090442263808,0.9635952452966152,0.8532633767815515,-0.11033186851506371,7,-5.864050000000003,76.20302631578947,62.287581699346404,-13.915444616443068,0.3092111142211655,0.002001504154603962,37.54869900604003,0.00874166666666314,0.018224662844218642,-9.191131790473722e-05,5.357248025272518e-05
126,11,phase3,round_4,0,D1_1,D1_1_Team1,2.0,2.0,1.0,1.0,1.0,3.0,1.0,3.0,1.0,2.0,4.0,0.019228777818429632,0.0021398514709258265,0.11128380030866585,-0.024727468376548586,-0.0056017776139350075,1.7133974891989006,1.5004339575363954,-0.21296353166250515,7,-3.995633333333329,74.5375816993464,64.23470588235294,-10.302875816993463,0.3138267246662625,0.001883444997926262,36.819638098521736,0.003516666666665818,0.017647058823520467,-0.0007989027587283569,4.573538327843941e-05
127,11,phase2,round_4,0,D1_1,D1_1_Team1,4.0,3.0,1.0,1.0,1.0,3.0,1.0,1.0,1.0,3.0,3.0,0.010316585756529646,0.0008454027775683946,0.08194598460380328,-0.10196375768193684,-0.0025080671208536523,1.4995989903737401,1.246691556516788,-0.25290743385695214,14,-1.9474333333333336,72.79779220779221,67.97103225806451,-4.826759949727702,0.24320239019673026,0.0009968808934438921,54.16429318979423,-0.18214166666666995,-0.47186711136589565,-0.0009764492439105515,-0.0007631782332921976
128,11,phase1,round_4,0,D1_1,D1_1_Team1,0.0,1.0,1.0,1.0,1.0,3.0,1.0,2.0,1.0,1.0,3.0,0.0002963230160737096,9.861537738488834e-06,0.03327968873007084,-0.0905301275029281,-0.0017218597197327403,1.077798087821869,0.846605769532448,-0.23119231828942088,4,-3.821149999999999,66.85322368421052,59.20980392156862,-7.643419762641898,0.22701872169493,0.0005361371934067762,30.86033632950298,0.24940833333332987,0.7043478424722096,-0.0012155419364917968,0.0010553963440709207
129,11,phase3,round_1,0,D1_1,D1_1_Team1,1.0,1.0,1.0,1.0,1.0,2.0,2.0,4.0,1.0,4.0,3.0,0.001033960068516317,0.00033145254857552516,0.32056610179457284,-0.15637378612739106,-0.0022748852699744303,1.2630258421003318,0.7781510572872666,-0.4848747848130651,9,-4.566352380952373,88.23826086956522,67.4322162162162,-20.80604465334902,0.42120879362388314,0.0029648638798954905,21.543444707084014,0.2176964285714292,0.6240108401083972,0.0004379069081061102,0.0009659219884258993
130,11,phase2,round_1,0,D1_1,D1_1_Team1,3.0,2.0,2.0,1.0,1.0,3.0,1.0,1.0,1.0,2.0,1.0,0.0010427762054929977,0.00046249821396864943,0.4435258606135841,0.16172600841021992,-0.0014206382562658856,1.253975280981863,1.7459268071157825,0.49195152613391957,15,-1.6357333333333373,74.8779069767442,80.28445086705202,5.406543890307816,0.3343481161763854,0.0005032302853387232,23.5369920353165,-0.09771666666666658,-0.27010130246020125,0.0003696157919408108,-0.00038003893040009336
131,11,phase1,round_1,0,D1_1,D1_1_Team1,5.0,1.0,1.0,1.0,1.0,3.0,3.0,1.0,1.0,1.0,3.0,0.00024731090595584863,3.121672116446249e-05,0.1262246039810128,-0.03721217311235947,-0.0007993698927186955,0.584402899475162,0.45131499262813934,-0.13308790684702265,10,-4.35398214285714,76.5618552036199,62.05371040723981,-14.508144796380087,0.29920719127497186,0.0009511754010756237,22.65035177167694,-0.013410714285713447,-0.1033103765626251,-0.001516901335092641,8.503506309353304e-05
132,12,phase3,round_3,0,D1_1,D1_1_Team3,5.0,1.0,1.0,3.0,2.0,4.0,1.0,2.0,1.0,2.0,4.0,0.0018288409468014185,0.0005972873135244652,0.3265933620794639,-0.06017864198836175,-0.005887041080994777,2.468980662770865,2.3592116866951702,-0.1097689760756948,7,-1.1772499999999992,71.53137254901961,69.01142857142857,-2.5199439775910406,0.17575514012695534,0.00032059905993224035,87.57402633955473,-0.05237083333333843,-0.12716038433111976,-0.00037836160350000536,-0.00019200868082405042
133,12,phase2,round_3,0,D1_1,D1_1_Team3,2.0,2.0,1.0,2.0,1.0,2.0,1.0,2.0,1.0,2.0,2.0,0.003329954493179895,0.0007175595660999941,0.21548629795681393,0.01362899308272525,-0.005135334017299014,2.5646681562907725,2.6528028032166793,0.08813464692590678,6,-1.7623500000000012,82.352625,78.50231249999999,-3.8503125000000153,0.14767158342661646,0.0002616347188766859,56.88126080317397,0.004187500000001732,0.006500000000002615,0.0001219639229847899,1.2512519844093456e-05
134,12,phase1,round_3,0,D1_1,D1_1_Team3,2.0,2.0,1.0,3.0,2.0,4.0,1.0,3.0,1.0,3.0,3.0,0.000869701982085667,0.00029520944770417506,0.33943747833737425,-0.13479731119125643,-0.009321721841987735,2.949375426807256,2.6273261101656247,-0.3220493166416314,5,-2.3050666666666766,86.02476510067113,77.63906040268456,-8.385704697986569,0.34448957019489573,0.00048760556975520553,18.219773820863544,-0.0265833333333417,-0.009999999999990905,-0.0007983471935275829,-3.642308566347136e-05
135,12,phase3,round_2,0,D1_1,D1_1_Team3,6.0,2.0,1.0,2.0,3.0,2.0,1.0,3.0,1.0,2.0,2.0,0.00754442560480731,0.0037508115047907324,0.4971632966200521,-0.1460978695550693,-0.006409578290460802,3.565205648245775,3.15095646770106,-0.41424918054471505,8,-2.07385000000001,78.44776315789474,72.78,-5.66776315789474,0.288813931177333,0.0004693804007686874,25.920603330201168,-0.1754833333333323,-0.47107483377749304,-0.000765846629281761,-0.0007089786819726979
136,12,phase2,round_2,0,D1_1,D1_1_Team3,7.0,3.0,1.0,3.0,4.0,3.0,1.0,3.0,1.0,2.0,2.0,0.00923924951692701,0.005146143146171635,0.5569871380509325,0.025720585115714695,-0.005239167306365451,3.9315825643999807,4.029293679973324,0.09771111557334322,11,-0.33780000000000715,84.12746835443038,84.12101265822784,-0.006455696202536387,0.21845489164250737,0.0001235360906890253,115.33524193499572,-0.03785000000000314,-0.09272151898733938,-0.00028528273060297204,-0.00014958273946948162
137,12,phase1,round_2,0,D1_1,D1_1_Team3,1.0,2.0,1.0,2.0,2.0,3.0,1.0,3.0,1.0,3.0,3.0,0.01812899187047875,0.0043247197379609375,0.2385526878084882,-0.01617372097559599,-0.006706183069784725,3.6345577663760436,3.5442596773409596,-0.09029808903508396,8,-2.6252000000000026,83.30763157894737,77.53647058823528,-5.77116099071209,0.11917203398537128,0.0006258287533943117,28.648847552314514,-0.11845833333333483,-0.333224222585919,1.2118265942172804e-05,-0.00047041026147167395
138,12,phase3,round_4,0,D1_1,D1_1_Team3,5.0,2.0,1.0,1.0,2.0,1.0,1.0,1.0,1.0,2.0,1.0,0.0015856037031254271,0.0003427765935572255,0.2161804950893903,-0.11398269808529841,-0.005595384261716878,2.2012310557498362,1.9303500796700082,-0.2708809760798281,4,-1.1109999999999984,73.5002614379085,71.53422077922079,-1.9660406586877173,0.1364572762270086,0.0002711078475513644,28.835664170918466,0.03282916666666238,0.09812398042414117,-0.000671851941873998,0.0001699209931223249
139,12,phase2,round_4,0,D1_1,D1_1_Team3,5.0,2.0,1.0,2.0,2.0,2.0,1.0,2.0,1.0,2.0,3.0,0.0010158969849766138,0.0004913231477413454,0.4836348123945419,-0.048265633773330006,-0.005293537711707867,2.2655553762881353,2.155409499280955,-0.11014587700718037,9,-3.021116666666662,84.15135483870968,74.1598076923077,-9.991547146401984,0.1773696704625679,0.00026999441045226985,46.920486030247865,0.08958333333333388,0.24417069243156675,0.0004154846438307697,0.00035184741990714364
140,12,phase1,round_4,0,D1_1,D1_1_Team3,1.0,1.0,1.0,2.0,2.0,2.0,1.0,2.0,1.0,2.0,2.0,0.015776818091885556,0.0037272206019852098,0.2362466614166148,0.0047804376251113926,-0.004924314552511793,2.420866435937271,2.402110224346652,-0.01875621159061902,15,-9.936533333333333,92.91738095238095,73.31230769230768,-19.60507326007327,0.3626477531395208,0.0007238654802126149,87.36063477306153,-0.10151666666666699,-0.2337141370628899,-0.0005512899529504308,-0.00033113023377962273
141,12,phase3,round_1,0,D1_1,D1_1_Team3,2.0,2.0,1.0,2.0,2.0,3.0,2.0,4.0,1.0,3.0,4.0,0.020876967180475187,0.0072497424273092834,0.34726032591982403,-0.09124361787015954,-0.011130392086453974,5.071407334854511,4.69120597768224,-0.3802013571722709,11,-0.13726666666666432,76.6708938547486,72.05251396648046,-4.618379888268137,0.21603960110057938,0.0004311589781697679,95.571718623024,0.10643749999999974,0.47839196528054373,0.00022903609437669657,0.0006765951056038717
142,12,phase2,round_1,0,D1_1,D1_1_Team3,5.0,2.0,1.0,2.0,4.0,2.0,2.0,3.0,1.0,2.0,2.0,0.02362632335448838,0.02185192015056019,0.9248971929612103,0.16284464445546756,-0.005990256845069865,3.9234401638717067,4.2732239176436355,0.34978375377192883,26,-3.8855333333333393,85.52585227272726,73.86514124293785,-11.660711029789411,0.1676339355966933,0.00037088788504593365,37.95341343041096,0.041266666666667444,0.2689361702127684,-0.0003511866525460515,0.0003721472280378745
143,12,phase1,round_1,0,D1_1,D1_1_Team3,0.0,1.0,1.0,3.0,1.0,2.0,1.0,3.0,1.0,2.0,2.0,0.006211095318766981,0.003490685932204848,0.5620081085630182,-0.0018574841001791863,-0.004583522595539805,3.78457497240528,3.757524684218511,-0.027050288186769134,14,-2.086696428571428,81.90609865470852,72.72464285714285,-9.181455797565661,0.17786161295577155,0.0009227123064040924,30.414925420587863,-0.06592857142857093,-0.2469323923832114,-0.0006117814545390797,-0.00011370553440670407
144,13,phase3,round_3,1,D1_1,D1_1_Team3,3.0,1.0,1.0,3.0,2.0,3.0,2.0,3.0,1.0,4.0,3.0,2.1888889473663633e-05,4.951054769296121e-06,0.2261903133666581,0.0022705832058088865,-0.0010736499405083215,0.4309822233167355,0.44095234393927724,0.009970120622541712,3,-3.0261166666666623,81.08173076923077,74.73660256410257,-6.345128205128205,0.1551060212032558,0.0005587779418798802,41.125987137201236,-0.08780000000000124,-0.19999999999999574,-0.001436413826628993,-0.00035966840216977724
145,13,phase2,round_3,1,D1_1,D1_1_Team3,6.0,2.0,1.0,3.0,2.0,3.0,1.0,3.0,1.0,4.0,3.0,9.927116675665045e-06,9.016393288163031e-06,0.9082590225080636,-0.010888078803360705,-0.0009666090952897854,0.46435601216857736,0.43504931377895784,-0.029306698389619523,5,-2.752049999999999,82.0640625,75.9808125,-6.083250000000007,0.1573447386192493,0.0012510999893528554,16.57325730255058,-0.0005333333333344834,0.0068749999999973,-0.0004226462264968851,3.261110388861925e-06
146,13,phase1,round_3,1,D1_1,D1_1_Team3,4.0,2.0,1.0,3.0,1.0,3.0,1.0,3.0,1.0,4.0,4.0,6.397944403939331e-05,6.661661567933208e-06,0.10412190458909741,-0.01851365694290856,-0.0018212938312813676,0.5232951175014278,0.49615333394455186,-0.02714178355687591,4,-0.03275000000001001,68.40965753424659,67.19823129251701,-1.2114262417295834,0.17743607762750963,0.0003218006716094649,32.58410797351992,0.03629166666666294,0.06472431697007153,2.2404902862873163e-05,9.601302369936192e-05
147,13,phase3,round_2,1,D1_1,D1_1_Team3,5.0,2.0,1.0,3.0,2.0,3.0,1.0,3.0,1.0,4.0,4.0,0.0010107176313441466,2.9059734891727984e-05,0.02875158599250083,0.049481199842448316,-0.0013346353594313114,0.5226884057196916,0.7136154238643703,0.19092701814467872,7,1.8185333333333267,72.97166666666666,82.16013333333333,9.18846666666667,0.2350620781878835,0.0006134240815349639,44.98879050352332,-0.10900833333333457,-0.285100000000007,0.00042476431882484543,-0.00044910552021216094
148,13,phase2,round_2,1,D1_1,D1_1_Team3,6.0,4.0,1.0,4.0,3.0,4.0,2.0,4.0,1.0,4.0,3.0,0.00022792174532491646,2.520057974154038e-05,0.11056680750498556,-0.0822771694210156,-0.001991908257232639,0.7886911040416839,0.5813550200069929,-0.20733608403469095,5,0.26781666666666754,81.01129870129868,77.60863636363636,-3.4026623376623206,0.28261113809365834,0.0006353830187363121,21.78716963458625,0.06367499999999687,0.1595652402702612,0.00031642910467193287,0.00026272163875827446
149,13,phase1,round_2,1,D1_1,D1_1_Team3,2.0,1.0,1.0,3.0,1.0,3.0,2.0,4.0,1.0,4.0,4.0,0.00019207534123488572,0.0001963001877832548,1.0219957779130149,0.05290258741754843,-0.003381918026236114,0.6364114778443821,0.6644143469540233,0.028002869109641226,8,-1.196083333333338,74.69719298245613,72.39631578947369,-2.3008771929824405,1.2822809728729778,0.0012617778321371213,26.854683572149042,0.05016666666666528,0.03105692171605412,-0.0001530582128161097,1.4109499021223759e-05
150,13,phase3,round_4,1,D1_1,D1_1_Team3,2.0,1.0,1.0,2.0,1.0,2.0,1.0,3.0,1.0,3.0,3.0,0.00015440809995037412,7.914172667947925e-05,0.5125490612533601,-0.01126761924485846,-0.0009117536898903402,0.3734898515836713,0.3513724417130304,-0.022117409870640925,7,-0.12021666666667877,67.37046052631578,69.55267973856209,2.1822192122463093,0.1834958410542607,0.0007495994159494363,22.22667516573721,-0.008341666666668763,-0.023573770491804424,0.0002028420632303941,-3.677127428119815e-05
151,13,phase2,round_4,1,D1_1,D1_1_Team3,4.0,1.0,1.0,2.0,1.0,2.0,1.0,3.0,1.0,3.0,3.0,2.9106737295749002e-05,1.9051764171858266e-05,0.6545482572737807,-0.01065374940765297,-0.001151948393082656,0.5908931034078182,0.5580057025626093,-0.032887400845208914,7,-2.368949999999994,90.83419354838709,82.63529032258066,-8.198903225806433,0.2732271480538801,0.0008786551549431346,16.476651818876277,0.06063333333333306,0.14769672349702745,0.00023639299293390942,0.0002406144723227716
152,13,phase1,round_4,1,D1_1,D1_1_Team3,3.0,1.0,1.0,2.0,2.0,3.0,2.0,4.0,1.0,3.0,3.0,1.5973509176049374e-05,2.3194467047740943e-06,0.1452058329331832,-0.0018622918993339305,-0.0010018885674709297,0.5879872994801847,0.5871646592069184,-0.0008226402732662841,3,-3.108549999999993,75.45439999999999,67.28688741721857,-8.167512582781427,0.28751695602172755,0.0006378769943230605,33.19324864061864,0.07995833333333226,0.25239202657806814,-0.0023527491796732783,0.00031593910551780895
153,13,phase3,round_1,1,D1_1,D1_1_Team3,3.0,2.0,1.0,2.0,1.0,3.0,1.0,3.0,1.0,4.0,3.0,9.289878397595697e-06,2.427248048353058e-06,0.2612787750786115,-0.007177716070135918,-0.0009294714249595345,0.4335543769631393,0.4115738587364801,-0.021980518226659196,4,-4.672816666666676,83.67988826815643,69.49312849162011,-14.18675977653632,0.3085749299521236,0.0006402871760853221,23.72153193459504,-0.11943333333333273,-0.39611731843575626,0.0002792930432820604,-0.0005325839428707876
154,13,phase2,round_1,1,D1_1,D1_1_Team3,3.0,3.0,1.0,3.0,3.0,2.0,1.0,3.0,1.0,3.0,4.0,8.0126786160305e-06,5.963493803622197e-06,0.7442572065340773,0.007067759394959537,-0.00042988809436312025,0.4126465170967666,0.43842755461861244,0.02578103752184585,6,0.4498869047619064,81.00354260089685,81.10695067264577,0.10340807174891609,0.320736862289729,0.0011042030163312966,54.853475184499096,0.02254761904762037,0.0963901345291518,-0.0005116061042726536,8.946490250515939e-05
155,13,phase1,round_1,1,D1_1,D1_1_Team3,2.0,1.0,1.0,3.0,1.0,3.0,1.0,3.0,1.0,4.0,4.0,1.3735722179751667e-05,5.428424984903603e-06,0.3952049199790779,0.008721895418090108,-0.0007241779270651573,0.3660775712295715,0.3868923444757313,0.020814773246159768,6,1.3218333333333312,76.117125748503,77.40514970059881,1.2880239520958128,0.16739390885190755,0.0010192825790290173,15.361070375114842,0.01031666666666751,0.05892215568862724,0.00015250264761538875,-1.9391469261208716e-05
156,14,phase3,round_3,0,D1_1,D1_1_Team2,2.0,2.0,1.0,1.0,1.0,1.0,1.0,2.0,1.0,1.0,2.0,1.075461198467219e-05,1.781255614520691e-06,0.16562713904131476,0.00866184845774429,-0.0013178242362911212,0.7098954278674354,0.7320908872520927,0.02219545938465728,3,1.0649499999999918,70.51973684210526,73.55470588235293,3.034969040247674,0.2201472294433409,0.001910046895077427,41.912158256920094,-0.025733333333333042,-0.08037224651874197,0.0011392038056216793,-0.00010685900605675911
157,14,phase2,round_3,0,D1_1,D1_1_Team2,4.0,2.0,1.0,1.0,2.0,1.0,1.0,2.0,1.0,1.0,2.0,6.669868814786564e-05,8.605478203407038e-06,0.129020201781621,-0.03827648874234252,-0.0020827254802530857,0.9686064030063212,0.8664607638181373,-0.10214563918818387,3,2.5491833333333256,70.94025641025641,78.3573076923077,7.41705128205129,0.18655275195088955,0.0002942066361284313,51.66924382852505,0.0024833333333315537,0.020288000000004303,-0.0006672338061424016,1.6002304001504603e-05
158,14,phase1,round_3,0,D1_1,D1_1_Team2,1.0,1.0,1.0,2.0,1.0,1.0,1.0,3.0,1.0,2.0,3.0,6.3439744430587e-05,1.591004852445291e-05,0.2507899214799169,-0.013380308236019416,-0.0028257796766327408,0.9450675255745681,0.8944729654150245,-0.050594560159543556,3,-1.4099333333333506,71.8589932885906,72.33395973154363,0.4749664429530327,0.2187983712753074,0.000557115801281828,30.59406908672576,-0.017383333333341064,-0.10905746996785837,-0.0001464608760567431,-0.0002031146406122205
159,14,phase3,round_2,0,D1_1,D1_1_Team2,1.0,1.0,1.0,2.0,1.0,1.0,1.0,2.0,1.0,1.0,2.0,0.0010654414038580508,8.91958724642306e-05,0.08371729514288165,-0.009399099012829005,-0.0024934487111134915,1.1381577733383927,1.0707929387426434,-0.06736483459574938,7,-2.6225500000000013,83.06427710843374,75.57173652694611,-7.492540581487631,0.257740997295244,0.00214385530719402,16.753711971873,0.018633333333332003,-0.01771844024475655,-0.001755477525651486,2.8989056392272782e-05
160,14,phase2,round_2,0,D1_1,D1_1_Team2,3.0,1.0,1.0,3.0,1.0,1.0,1.0,4.0,1.0,3.0,4.0,0.00017320800803603183,4.48941536018615e-05,0.25919213615413406,0.03713539517372839,-0.0019510786926233644,1.0178725946881364,1.1212057734016012,0.10333317871346481,8,6.6052999999999935,82.01308176100628,103.69635220125787,21.68327044025159,0.4453952981440564,0.0029857534289853952,29.006885207294758,-0.07050000000000026,-0.19352201257861879,0.00115252868973411,-0.0002551375431924581
161,14,phase1,round_2,0,D1_1,D1_1_Team2,2.0,2.0,1.0,2.0,1.0,1.0,1.0,2.0,1.0,1.0,2.0,0.00026165990019293253,2.2539946870157153e-05,0.08614215190610991,0.00873964325757436,-0.002027160571287959,0.8017754061200714,0.8312118059976719,0.029436399877600494,5,-0.6541166666666742,71.6403896103896,71.37363636363635,-0.26675324675325385,0.22059735307208567,0.0002996152054647121,60.19160104114343,0.07219999999999484,0.2454458102675332,-0.0023039288876542047,0.0002802777949769169
162,14,phase3,round_4,0,D1_1,D1_1_Team2,1.0,1.0,1.0,1.0,1.0,1.0,1.0,1.0,1.0,1.0,2.0,5.453046966921568e-06,1.2205607243065027e-06,0.22383095757481639,-0.008652762743304735,-0.001275828628571238,0.642642397512518,0.6180775584691411,-0.024564839043376807,3,-1.591299999999995,71.73477124183006,69.30254901960785,-2.432222222222208,0.16238791847170703,0.0003383559012501914,28.721723378674405,-0.05606666666666433,-0.1411764705882348,-3.055608604319899e-05,-0.00023750307972737313
163,14,phase2,round_4,0,D1_1,D1_1_Team2,3.0,2.0,1.0,2.0,1.0,1.0,1.0,2.0,1.0,2.0,2.0,4.413432950488321e-05,1.1184419631394852e-05,0.2534176854359453,0.02018964011778604,-0.0013963819733402558,0.5936403026030923,0.6515035479371647,0.05786324533407239,4,-5.062216666666663,86.77601226993863,68.10079754601227,-18.67521472392636,0.2598899175242648,0.0004023866786378998,39.417830293742284,0.02797499999999773,0.09019969278033457,-0.00010536641261130381,9.457296185975753e-05
164,14,phase1,round_4,0,D1_1,D1_1_Team2,2.0,1.0,1.0,2.0,1.0,1.0,2.0,2.0,1.0,1.0,2.0,2.5042058557350394e-05,3.814140257846895e-06,0.15230937381253593,-0.01352579590286843,-0.001210009361212369,0.6195546714911251,0.5793099880368298,-0.04024468345429533,2,-0.5501333333333444,72.37630303030303,72.06139393939394,-0.31490909090909724,0.2008167214728402,0.0004729420127005554,59.80980285700108,-0.08768333333333626,-0.2247344461305012,-0.0007514540182990499,-0.0003216256640384599
165,14,phase3,round_1,0,D1_1,D1_1_Team2,2.0,1.0,1.0,2.0,1.0,1.0,1.0,2.0,1.0,1.0,2.0,0.00016503078789087015,2.3196638037771657e-05,0.14055945762745126,0.021361306921871694,-0.0012830698059005305,0.9232988419584057,0.9806520791610854,0.05735323720267971,6,-4.467285714285705,93.80065217391304,70.6108108108108,-23.189841363102232,0.41363940134835564,0.0010752487724379524,47.85146706548548,-0.06739880952380674,-0.22711382113821799,0.000713111338738707,-0.00028405878796174415
166,14,phase2,round_1,0,D1_1,D1_1_Team2,5.0,3.0,1.0,3.0,2.0,1.0,1.0,3.0,1.0,3.0,3.0,0.00012712719620911397,1.9788524128859537e-05,0.15565925088372917,0.04728663472495025,-0.0012746690787394598,0.7126286470013172,0.8463337758451387,0.13370512884382146,6,-1.4651166666666589,80.37779069767441,77.81647398843931,-2.5613167092351006,0.163564047621776,0.0002663464647630164,46.784628679601575,-0.034783333333336344,-0.14923861680224348,-0.00044452160627779806,-0.0002347818663023912
167,14,phase1,round_1,0,D1_1,D1_1_Team2,2.0,1.0,1.0,2.0,1.0,1.0,2.0,2.0,1.0,2.0,2.0,0.001134685975594798,0.00010430700246397259,0.09192587615202988,-0.0024360479491734887,-0.003041018684088098,0.7349680326939008,0.6365767330290218,-0.09839129966487892,8,7.571583333333325,87.33368421052633,95.67373913043477,8.34005491990844,1.179826592967663,0.004439348584273211,26.640989462693828,-0.16966666666666763,-0.4156522029946714,-0.0008569245993853702,-0.0009877752127914151
168,15,phase3,round_3,1,D1_2,D1_2_Team2,2.0,1.0,1.0,1.0,1.0,1.0,2.0,1.0,1.0,1.0,2.0,0.0151481880152139,0.004092340466614596,0.2701537941372594,0.56610975764442,-0.001714485282145077,0.9618094176215894,2.616904069498727,1.6550946518771377,14,-1.5548000000000006,77.02733333333332,74.17569536423841,-2.8516379690949094,0.10974212196478322,6.648127028815517e-05,140.85531487901346,0.11438333333333027,0.308561125711428,-0.000673935311376851,0.0004703769856415241
169,15,phase2,round_3,1,D1_2,D1_2_Team2,5.0,2.0,1.0,3.0,1.0,4.0,2.0,4.0,1.0,4.0,4.0,0.00969533145477267,0.0016898179157153457,0.17429191808429692,-0.4719426275943953,-0.007622862811047809,2.560782694549471,1.3838995349980214,-1.1768831595514495,9,1.06716666666666,88.08980645161292,92.57794871794871,4.4881422663357995,0.28573109397564017,0.001451301606824632,20.850909015500125,-0.027216666666668925,-0.07090634252766392,7.729300855936659e-05,-0.00011798899403111564
170,15,phase1,round_3,1,D1_2,D1_2_Team2,0.0,1.0,1.0,1.0,1.0,2.0,2.0,1.0,1.0,1.0,3.0,0.09514249857866917,0.02883335734099916,0.30305444750495086,0.3742858832194822,-0.006524840879327289,4.478498758305176,5.144979714246981,0.6664809559418048,17,0.8823666666666637,72.69953642384107,74.54578947368421,1.846253049843142,0.12102350491421832,6.245476249446822e-05,118.95156439237205,0.08500833333333341,0.22275577557755355,-0.00015491588395639603,0.00035755564469560735
171,15,phase3,round_2,1,D1_2,D1_2_Team2,1.0,1.0,1.0,1.0,1.0,2.0,2.0,1.0,1.0,1.0,2.0,0.03283698229703395,0.01131597573895487,0.3446107086392346,0.7512889178741851,-0.015514477045172297,16.993955755113536,18.86742498819404,1.8734692330805025,6,0.2921166666666616,75.0592,75.78046357615894,0.7212635761589326,0.10101650030234323,0.00023031781097851767,18.9314328818212,0.06050416666666076,0.17547746916630302,-0.00035766245941757567,0.00024566125080002766
172,15,phase2,round_2,1,D1_2,D1_2_Team2,6.0,2.0,1.0,2.0,2.0,2.0,2.0,3.0,1.0,2.0,3.0,0.08784782611666637,0.017620143656525505,0.20057575053849436,2.3889448906958477,-0.0077590243833786255,8.635320662378112,14.598102853653753,5.962782191275641,12,-1.0454833333333247,83.4846357615894,79.52562913907285,-3.9590066225165543,0.19441282240364233,0.0006931736569293277,36.76699131021023,0.03817083333333246,0.09168874172184616,0.00039139568395293433,0.0001611370201195486
173,15,phase1,round_2,1,D1_2,D1_2_Team2,1.0,1.0,1.0,2.0,1.0,3.0,2.0,4.0,1.0,2.0,3.0,0.0277092058501764,0.014157829678728424,0.5109431773425688,0.870946783623778,-0.002730844962650684,5.948415116944169,7.904486106560595,1.9560709896164266,21,3.038133333333336,76.41878378378378,81.14657718120804,4.727793397424264,0.4944226089250127,0.0004245809887425413,32.945871610690745,0.31864583333333113,0.7761920529801429,0.0026749813364815977,0.0013311669308456425
174,15,phase3,round_4,1,D1_2,D1_2_Team2,4.0,2.0,2.0,1.0,1.0,3.0,2.0,1.0,1.0,2.0,4.0,0.6225975087071803,0.043239422104509956,0.06945004035479733,-1.0539993446377611,-0.03843090433390817,20.406748748635728,16.924656077429983,-3.482092671205745,10,-0.8647166666666639,75.64437908496733,73.53450980392157,-2.1098692810457607,0.16502458833185546,0.0003944732530866303,39.17257422992213,-0.017350000000008227,-0.050065359477130755,-0.0001284744526814878,-7.688098951761697e-05
175,15,phase2,round_4,1,D1_2,D1_2_Team2,8.0,4.0,2.0,3.0,2.0,1.0,2.0,4.0,1.0,5.0,3.0,0.09167746998785427,0.03441547391447733,0.3753972913850786,1.0640192444888132,-0.028240490397737624,17.7028346390578,20.433441537688754,2.7306068986309526,8,1.7959999999999967,81.94085526315789,85.27203947368422,3.331184210526331,0.13020547356595513,0.00023949558044983284,46.12830962282476,-0.02010833333333356,-0.05003289473683736,-3.0694977343336064e-05,-8.675978916826933e-05
176,15,phase1,round_4,1,D1_2,D1_2_Team2,2.0,1.0,1.0,2.0,1.0,4.0,2.0,3.0,1.0,2.0,5.0,0.031916154611929586,0.008103569490865912,0.2539018120885079,0.8586261356614092,-0.019084683243208663,15.54218830399949,17.668172423877113,2.1259841198776233,6,-0.8566666666666719,77.52059602649007,75.3130463576159,-2.207549668874165,0.23779999413225866,0.00033718308563480205,46.18535865596549,0.07328333333333635,0.18413882573885587,3.43061511484938e-05,0.00030452324211038297
177,15,phase3,round_1,1,D1_2,D1_2_Team2,0.0,1.0,1.0,1.0,1.0,3.0,1.0,1.0,1.0,1.0,2.0,0.17292577866512268,0.04370737937620818,0.25275224847099964,0.4609808516125842,-0.04318695341153231,26.11330365011499,27.246830198229862,1.1335265481148724,7,-1.0564166666666661,81.75523178807947,79.16847682119204,-2.586754966887426,0.1378645876150667,0.0003871252890890332,67.86882414196594,0.12631666666666597,0.3619237147595342,-0.0018575322488238123,0.0005120866975288613
178,15,phase2,round_1,1,D1_2,D1_2_Team2,2.0,2.0,1.0,2.0,1.0,3.0,2.0,4.0,1.0,4.0,4.0,0.07807335513765684,0.022757816830591374,0.2914927479479446,1.5417061090969784,-0.03812898311803832,19.68417541307851,23.285898030787493,3.601722617708983,5,1.2712666666666734,85.366,86.87246666666665,1.506466666666654,0.1841504038482082,0.00032899508255288993,31.26800124898612,-0.006966666666666122,-0.024026622296169364,9.353460997591109e-05,-2.8067227142178704e-05
179,15,phase1,round_1,1,D1_2,D1_2_Team2,0.0,1.0,1.0,2.0,1.0,3.0,2.0,4.0,1.0,3.0,4.0,0.3306674462322775,0.008587526634348525,0.025970281417772866,1.9336729855560786,-0.007359619092397713,9.022908853101601,13.68592475309753,4.663015899995928,8,1.46373333333334,87.4991447368421,91.43921052631578,3.940065789473678,0.29435503136255164,0.0004060111694895386,38.03164717605678,0.11886666666666483,0.29868204283361166,8.247539019789775e-05,0.00048773234804118517
180,16,phase3,round_3,0,D1_2,D1_2_Team1,0.0,1.0,1.0,4.0,1.0,3.0,1.0,3.0,1.0,3.0,4.0,0.00126356691788179,8.73993157375112e-05,0.0691687274339416,-0.1772619945367747,-0.012308198751676266,5.4624729538632995,5.021318990653231,-0.44115396321006806,3,0.25303333333333283,72.49856209150326,73.19857142857143,0.7000093370681668,0.06711613191624409,8.194811197327476e-05,70.06150446788939,0.019500000000000538,0.0536215334420902,-0.000101308182433668,8.393725977567902e-05
181,16,phase2,round_3,0,D1_2,D1_2_Team1,1.0,1.0,1.0,4.0,1.0,3.0,1.0,4.0,1.0,4.0,4.0,0.00868882021558427,0.0009768094999346073,0.11242141921438327,-0.27652593046030516,-0.012222796245647805,5.804799114399514,5.092477571488593,-0.7123215429109209,4,-3.5078333333333256,83.7081935483871,76.65942307692308,-7.0487704714640245,0.20425790149362807,0.00020282223110219748,47.326296439644025,0.00045833333333205147,-0.002086677367572065,3.300404520912765e-05,-3.2240133287146485e-06
182,16,phase1,round_3,0,D1_2,D1_2_Team1,0.0,1.0,1.0,3.0,1.0,2.0,1.0,3.0,1.0,3.0,3.0,0.00620518775105491,0.003021268231407568,0.4868939269233133,-0.2918656574921907,-0.012149170153645965,7.436035693606914,6.651437715706844,-0.78459797790007,4,-0.6806166666666652,75.70238410596028,74.40730263157894,-1.295081474381334,0.14391636644176786,0.0001761028721391051,41.495265861603485,0.0367916666666685,0.10121236835380643,-0.00033956318686082453,0.00015395736976629352
183,16,phase3,round_2,0,D1_2,D1_2_Team1,0.0,1.0,1.0,2.0,1.0,2.0,1.0,3.0,1.0,2.0,2.0,0.006853275372723327,0.0008474756203262761,0.12365993984413758,-0.45477898443749654,-0.013331784166931555,7.994961060484076,6.876809128776488,-1.1181519317075885,4,0.27511666666666645,73.9905298013245,75.29847682119205,1.3079470198675551,0.0955817995157607,7.727344320692716e-05,26.76572234696098,0.016433333333333744,0.04372255719196261,-6.507057414185855e-05,6.943450936388152e-05
184,16,phase2,round_2,0,D1_2,D1_2_Team1,2.0,2.0,1.0,2.0,1.0,2.0,1.0,3.0,1.0,1.0,3.0,0.020735891740282952,0.015715806274146905,0.7579035650353205,-0.36903697787194345,-0.01893105820000212,8.593291741225713,7.744704217591125,-0.8485875236345874,12,-3.3541500000000015,80.17933774834437,71.55453947368422,-8.62479827466015,0.2127056854183064,0.0002336384671276749,98.01487160163781,-0.017199999999996878,-0.05177694133049471,0.0001504713623500971,-6.998958284840089e-05
185,16,phase1,round_2,0,D1_2,D1_2_Team1,1.0,1.0,1.0,2.0,1.0,2.0,1.0,2.0,1.0,2.0,3.0,0.005817372007461804,0.0003077596531559008,0.05290355383172072,-0.6055432459920368,-0.02597578650038033,8.61095893027376,7.210456809471112,-1.4005021208026482,3,-2.2682666666666775,75.31912162162162,70.12449664429529,-5.1946249773263276,0.18371448912242472,0.0005989017862762647,8.413018702331073,0.043408333333325194,0.13107744107743713,-9.751905415030509e-05,0.0002135306226019655
186,16,phase3,round_4,0,D1_2,D1_2_Team1,0.0,1.0,1.0,3.0,1.0,3.0,1.0,3.0,1.0,3.0,3.0,0.009078243332263753,0.004697477941746175,0.5174434931757674,-0.44881114179044374,-0.014605831310568994,7.279739587597361,6.143390999125258,-1.136348588472103,9,-0.8100666666666726,71.22655629139071,70.08236842105264,-1.1441878703380723,0.13237889629933644,3.585124480849579e-05,83.59119395233327,-0.0326500000000036,-0.08303630363036518,-0.0002954217955173083,-0.0001327433911646343
187,16,phase2,round_4,0,D1_2,D1_2_Team1,5.0,2.0,1.0,4.0,1.0,4.0,1.0,4.0,1.0,4.0,4.0,0.008033254359716024,0.0041366081326422955,0.5149355351407701,0.10933816401716905,-0.00984746827946152,5.954512928872986,6.320743453519362,0.36623052464637595,8,0.43019999999999886,71.98052631578948,72.90313725490196,0.9226109391124879,0.14853340046141664,0.00018670442578227513,31.452199782690407,-0.015358333333335642,-0.03537704918031892,-0.0001982499696173326,-6.869244771851553e-05
188,16,phase1,round_4,0,D1_2,D1_2_Team1,0.0,1.0,1.0,3.0,1.0,3.0,1.0,4.0,1.0,3.0,4.0,0.008345144353479324,0.001194352423747761,0.14311944445272562,-0.37299435692257316,-0.01350550033782354,6.695892639549504,5.786271644209953,-0.9096209953395507,5,-0.25259999999999727,68.50399999999999,68.30284768211922,-0.20115231788076926,0.06948141238249748,0.00010449749245156566,57.16731490692128,-0.00018333333333697184,0.0008545005279145812,-6.81565652181364e-05,-1.2186161370315178e-07
189,16,phase3,round_1,0,D1_2,D1_2_Team1,0.0,1.0,1.0,3.0,1.0,3.0,1.0,3.0,1.0,2.0,1.0,0.048867646991790956,0.03315137037609565,0.6783909686026951,0.07878714390963765,-0.02416016767035975,9.53073582573931,9.361809595243612,-0.168926230495698,10,1.6046166666666508,72.98724832214764,75.4608,2.4735516778523703,0.08352952297274104,0.0001266702391526036,47.64726605344277,0.0222999999999978,0.06575250836120716,3.708397715235095e-05,0.00010996453224272067
190,16,phase2,round_1,0,D1_2,D1_2_Team1,1.0,1.0,1.0,4.0,1.0,3.0,1.0,3.0,1.0,4.0,4.0,0.10959025163014663,0.06708387762386998,0.6121336216132587,-0.0377144986588914,-0.01292316621243594,9.14368600400716,9.169276350115641,0.025590346108481654,26,0.3852809523809516,74.53239795918368,76.75076142131981,2.218363462136125,0.11933596033288292,0.00027444483489993574,39.44186053307012,0.03479047619047839,0.10827785611255081,0.00012893453011352557,0.0001369254208436289
191,16,phase1,round_1,0,D1_2,D1_2_Team1,0.0,1.0,1.0,2.0,1.0,2.0,1.0,3.0,1.0,3.0,2.0,0.038702188008051495,0.04343139874122986,1.122194919113992,-0.23807593512657244,-0.015193250174167752,8.936264518129146,8.197760281498356,-0.7385042366307903,13,-1.642716666666663,77.85039735099338,73.82572368421054,-4.024673666782832,0.07671008464401978,0.0001360489832196351,66.15223062687213,-0.015075000000003643,-0.03976897689769032,8.750151912407688e-06,-6.192066049675095e-05
192,17,phase3,round_3,0,D1_2,D1_2_Team3,0.0,1.0,1.0,1.0,1.0,1.0,1.0,2.0,1.0,2.0,2.0,0.0151481880152139,0.004092340466614596,0.2701537941372594,0.56610975764442,-0.001714485282145077,0.9618094176215894,2.616904069498727,1.6550946518771377,14,-1.5548000000000006,77.02733333333332,74.17569536423841,-2.8516379690949094,0.10974212196478322,6.648127028815517e-05,140.85531487901346,0.11438333333333027,0.308561125711428,-0.000673935311376851,0.0004703769856415241
193,17,phase2,round_3,0,D1_2,D1_2_Team3,3.0,2.0,1.0,4.0,2.0,2.0,3.0,5.0,2.0,5.0,5.0,0.00969533145477267,0.0016898179157153457,0.17429191808429692,-0.4719426275943953,-0.007622862811047809,2.560782694549471,1.3838995349980214,-1.1768831595514495,9,1.06716666666666,88.08980645161292,92.57794871794871,4.4881422663357995,0.28573109397564017,0.001451301606824632,20.850909015500125,-0.027216666666668925,-0.07090634252766392,7.729300855936659e-05,-0.00011798899403111564
194,17,phase1,round_3,0,D1_2,D1_2_Team3,1.0,1.0,1.0,1.0,1.0,1.0,1.0,2.0,1.0,2.0,2.0,0.09514249857866917,0.02883335734099916,0.30305444750495086,0.3742858832194822,-0.006524840879327289,4.478498758305176,5.144979714246981,0.6664809559418048,17,0.8823666666666637,72.69953642384107,74.54578947368421,1.846253049843142,0.12102350491421832,6.245476249446822e-05,118.95156439237205,0.08500833333333341,0.22275577557755355,-0.00015491588395639603,0.00035755564469560735
195,17,phase3,round_2,0,D1_2,D1_2_Team3,1.0,1.0,1.0,2.0,1.0,1.0,1.0,2.0,1.0,2.0,2.0,0.0452851569218744,0.012317973732868958,0.2720090769282268,0.5491206558950915,-0.014851933635223526,3.927173006778171,5.425691194504087,1.498518187725916,17,-1.7768500000000067,75.34120805369128,72.7996,-2.5416080536912773,0.07833202435957103,0.00010231594842826798,19.788299501183168,0.06686666666666265,0.21224080267558065,-0.00040125696626670425,0.00034301115013082173
196,17,phase2,round_2,0,D1_2,D1_2_Team3,2.0,2.0,2.0,3.0,2.0,1.0,3.0,5.0,2.0,5.0,4.0,0.08973974872916624,0.010675720876448889,0.11896312423013485,-0.015426355565144411,-0.005901067170525825,3.8465440912852658,3.6994309386904023,-0.14711315259486346,24,3.431066666666666,80.33907894736842,87.65532894736843,7.316250000000011,0.16462779300902725,0.00043467010449271733,30.080098344234163,-0.018162500000004304,-0.03425041186161337,-0.0002779648952238007,-7.481955227345763e-05
197,17,phase1,round_2,0,D1_2,D1_2_Team3,1.0,1.0,1.0,2.0,1.0,2.0,1.0,2.0,1.0,2.0,2.0,0.04826158566892792,0.003445955160405508,0.07140161502451638,-1.2904884794264804,-0.015601994766163333,6.669409751151735,3.455051401602234,-3.2143583495495016,5,-1.0430333333333344,79.32006666666668,77.13708609271524,-2.18298057395144,0.15407249375970156,0.00032036426095993564,39.31639640907858,0.07123750000000169,0.18204957552195822,0.00018189117866626508,0.0002969856380977875
198,17,phase3,round_4,0,D1_2,D1_2_Team3,1.0,1.0,1.0,2.0,2.0,1.0,1.0,1.0,1.0,1.0,2.0,0.053874660917792486,0.011319713903053622,0.21011202131418347,0.23217203244888673,-0.007941012262300703,3.0228723877509487,4.077659019055718,1.054786631304769,12,-1.0123999999999906,74.47535947712419,71.90300653594771,-2.572352941176476,0.06563185951659874,5.674315856425639e-05,78.38490631271479,0.005933333333327967,0.03969589406508334,-0.0008608612996752168,3.085106312489191e-05
199,17,phase2,round_4,0,D1_2,D1_2_Team3,3.0,1.0,1.0,4.0,2.0,1.0,2.0,5.0,2.0,5.0,5.0,0.032550957939951435,0.017473153841650577,0.536793844097746,-0.0359167588094435,-0.004120238854482159,3.596536296538277,3.4040791083835686,-0.19245718815470836,17,-0.525166666666664,82.39364238410596,79.50355263157896,-2.890089752527004,0.13433919706306738,0.00012185120012047989,86.22013757265185,-0.06925833333333382,-0.15848434925865718,-0.00017817149603282462,-0.0002995813635212086
200,17,phase1,round_4,0,D1_2,D1_2_Team3,0.0,1.0,1.0,1.0,1.0,1.0,1.0,2.0,1.0,2.0,2.0,0.037148935416745556,0.008277935775092242,0.22283103626600329,0.06992921893603515,-0.005743943832471705,3.2058473527955975,3.439870987269804,0.2340236344742066,13,5.829566666666662,68.43393333333333,82.46350993377483,14.029576600441501,0.3077601880252437,0.00020506708767090682,92.6105032527733,0.09057916666666692,0.23001661129568873,9.062657337828999e-06,0.00037455440540104615
201,17,phase3,round_1,0,D1_2,D1_2_Team3,2.0,1.0,1.0,2.0,2.0,1.0,1.0,2.0,1.0,3.0,1.0,0.02567422854340317,0.011608871329984683,0.45216047330728887,0.35315231333015146,-0.06520510470915204,20.621541290412104,21.423382684534783,0.801841394122679,3,-1.0632499999999998,77.69953333333333,74.91173333333332,-2.7878000000000185,0.14029472084028016,0.000448727916232688,37.647595829691475,0.14266666666666297,0.37648153078202995,0.00012771055053034875,0.0005900986560007697
202,17,phase2,round_1,0,D1_2,D1_2_Team3,4.0,2.0,3.0,4.0,4.0,2.0,3.0,3.0,2.0,5.0,4.0,0.11108279721935622,0.009601640490193967,0.08643679066915752,0.902771273614661,-0.003962183420193774,3.8568684494978633,6.396423763993298,2.539555314495435,20,2.3688999999999933,91.86012578616352,94.693625,2.8334992138364754,0.2730822208988883,0.0017494788931134333,17.324761761777996,-0.05116666666666284,-0.14354070084036863,-0.0006383530964077652,-0.00023551845000019766
203,17,phase1,round_1,0,D1_2,D1_2_Team3,0.0,1.0,1.0,1.0,1.0,2.0,1.0,1.0,1.0,1.0,4.0,0.024506536949132126,0.010216742363499814,0.4168986578848967,0.7199893314614196,-0.0035437087827364364,2.534278371832711,4.343111587509356,1.8088332156766453,18,1.6703833333333296,74.96946666666666,80.46278145695365,5.493314790286988,0.18712384490848114,0.0004068256375488336,50.365146598870844,0.05113749999999725,0.1238414989072183,0.00014672129724469603,0.0002145413710675812
204,18,phase3,round_3,1,D1_2,D1_2_Team1,1.0,1.0,1.0,1.0,1.0,2.0,2.0,2.0,1.0,1.0,2.0,0.0027349502974667373,0.00019310835233419038,0.0706076276826888,0.11653117868166406,-0.017226021217745448,8.777535508275685,9.063493422942642,0.2859579146669571,2,-0.6600666666666682,66.20922077922079,64.86825806451613,-1.3409627147046592,0.10017030951879348,5.140635943812554e-05,65.47859566302692,0.00593333333333575,0.01594236649830094,8.382089966846543e-05,3.315937972480802e-05
205,18,phase2,round_3,1,D1_2,D1_2_Team1,4.0,3.0,1.0,3.0,1.0,1.0,1.0,3.0,1.0,3.0,3.0,0.007135066893677809,0.0013127506657781103,0.18398575449114618,0.26711186734260806,-0.011607328374316623,5.911380820026943,6.537698961340723,0.6263181413137806,4,-2.1164166666666686,74.83614906832298,69.10242236024845,-5.733726708074528,0.13775910167193262,0.0006713160695366496,51.89853802270704,0.10287083333333318,0.24942101208532108,0.00135969374468312,0.00040284199002951944
206,18,phase1,round_3,1,D1_2,D1_2_Team1,0.0,1.0,1.0,1.0,1.0,1.0,2.0,2.0,1.0,1.0,1.0,0.008805943589108826,0.00014562265427034313,0.016536859769400402,-0.532914997196262,-0.014965576719548498,7.450860991635723,6.122734270873817,-1.3281267207619063,3,-4.430700000000001,73.68119205298014,65.62401315789474,-8.0571788950854,0.3109768842157826,0.00020155419682279632,64.31114176091799,0.2915833333333336,0.7322570016474543,0.001688570982135141,0.0011785801745622783
207,18,phase3,round_2,1,D1_2,D1_2_Team1,1.0,1.0,1.0,1.0,1.0,2.0,2.0,1.0,1.0,1.0,1.0,0.00701043032107564,0.0009138145346353639,0.1303507049899832,-0.06877399425743431,-0.025943017710706687,18.169796474016785,17.93095850275278,-0.23883797126400452,3,-0.1007333333333404,67.34655629139071,68.9407894736842,1.5942331822934932,0.1297118559072914,6.385585511346753e-05,41.073655838398594,-0.007316666666666229,-0.026060095232878666,5.618153092936692e-05,-2.7087903066216066e-05
208,18,phase2,round_2,1,D1_2,D1_2_Team1,5.0,2.0,1.0,3.0,2.0,1.0,2.0,4.0,1.0,4.0,4.0,0.044612859411019085,0.011302222703806222,0.25334002018742263,-0.20479514451375638,-0.030956770826375962,18.052038284345414,17.315615722288964,-0.7364225620564504,5,-4.280149999999997,79.48861842105264,67.95105263157896,-11.537565789473675,0.2527348758912175,0.0005789272957604194,22.252676763731994,0.026966666666669036,0.0686184210526335,2.1007309154637875e-05,0.00011316294021825433
209,18,phase1,round_2,1,D1_2,D1_2_Team1,1.0,1.0,1.0,1.0,1.0,1.0,2.0,1.0,1.0,1.0,1.0,0.020702025697308325,0.00199452707045573,0.09634453650180998,-0.2609477624207739,-0.035942871840737294,22.895856483008796,21.9302838457887,-0.9655726372200952,3,-0.8032166666666701,72.1474,69.40986754966887,-2.7375324503311305,0.13518875692896945,0.00015997313124953042,47.30732872968497,0.019487499999998405,0.04333887043189577,9.750169273779793e-05,7.94967063256242e-05
210,18,phase3,round_4,1,D1_2,D1_2_Team1,1.0,1.0,1.0,1.0,1.0,2.0,1.0,2.0,1.0,2.0,2.0,0.010758866418899907,0.0009360271367684125,0.08700053521662009,0.23699582201792316,-0.019551698593535505,11.664968967660695,12.138096577495656,0.47312760983496105,3,-6.771850000000007,76.63522875816993,63.486339869281046,-13.148888888888884,0.44920658652456247,0.0014428671465803351,44.899763527511865,0.0007333333333323202,0.0033986928104567937,-7.166791090119859e-05,4.2697700502963435e-06
211,18,phase2,round_4,1,D1_2,D1_2_Team1,8.0,3.0,2.0,4.0,1.0,2.0,1.0,4.0,1.0,4.0,4.0,0.03383578373258812,0.0055918153286304275,0.16526336061324345,-0.10469156357985417,-0.014905833049671883,9.172622439646593,8.841174852449479,-0.33144758719711476,9,-2.5628499999999983,87.11470198675497,74.59250000000002,-12.52220198675495,0.37823133185571894,0.001899432399601024,37.76635367199427,-0.002008333333333448,-0.003135892655848238,-5.326047327207988e-05,-1.086549279420216e-05
212,18,phase1,round_4,1,D1_2,D1_2_Team1,1.0,2.0,1.0,2.0,2.0,1.0,2.0,1.0,1.0,1.0,1.0,0.0025385893504946814,0.0005294235142210547,0.20855027778237895,-0.08219894067557607,-0.014551258070415313,10.784357842354423,10.52407102345404,-0.26028681890038285,3,-3.264783333333338,63.646754966887414,55.801059602649,-7.845695364238416,0.1698269590297401,0.00016288679669085838,55.10526573820858,0.014999999999998617,0.057204013156813005,-0.0005580652441882415,5.993248216946155e-05
213,18,phase3,round_1,1,D1_2,D1_2_Team1,0.0,1.0,1.0,1.0,1.0,1.0,1.0,1.0,1.0,1.0,1.0,0.03488975941500162,0.00722205715694248,0.20699647340752936,0.7172873259084187,-0.12750365857751755,43.55716326623416,44.87413498812622,1.3169717218920596,3,1.2701666666666533,69.5005,74.75807142857144,5.257571428571438,0.12468311086991972,0.00023279745830420654,22.278787650706402,0.13340416666667032,0.35831842576028805,-0.00017814111356089058,0.0006159582292523304
214,18,phase2,round_1,1,D1_2,D1_2_Team1,1.0,2.0,1.0,3.0,1.0,2.0,2.0,4.0,1.0,3.0,3.0,0.7003875165827702,0.2886302225109939,0.41210075233670196,2.5606570398394854,-0.04693183522087736,29.58974076734627,38.41685825353293,8.827117486186658,12,0.5790238095238147,77.21035714285715,76.40654822335027,-0.8038089195068778,0.2747990917312619,0.0011288821391557773,30.032811537385957,-0.015439285714284687,-0.01851480527057703,-0.0006300673622805817,-4.212649675768302e-05
215,18,phase1,round_1,1,D1_2,D1_2_Team1,0.0,1.0,1.0,2.0,1.0,2.0,2.0,2.0,1.0,1.0,2.0,0.04244443095610899,0.004871787961095751,0.11478038110897466,1.455777966918442,-0.034528220727309565,24.892052951537824,28.58630161478578,3.6942486632479543,3,-0.7428666666666703,74.33861842105264,71.40690789473685,-2.931710526315797,0.11618523960034721,8.469944849841417e-05,42.966414042398824,0.21621666666666395,0.5500081288476579,0.0010004340353132642,0.0008891371030847168
216,19,phase3,round_3,1,D1_2,D1_2_Team3,1.0,1.0,1.0,1.0,1.0,1.0,1.0,1.0,1.0,1.0,2.0,1.357527980445732,0.1615467043042568,0.1190006442822743,1.0104528372762893,0.01199363959656684,7.794215356506796,10.572423162827228,2.778207806320432,16,4.1195999999999975,85.25271523178807,95.45900662251657,10.206291390728495,0.3648337353988114,0.0010385718118546851,67.47611912549876,-0.03175000000000166,-0.08933406059404092,0.0004248684873002869,-0.0001016273452769114
217,19,phase2,round_3,1,D1_2,D1_2_Team3,1.0,1.0,1.0,1.0,1.0,2.0,1.0,2.0,1.0,3.0,3.0,0.2613367459261511,0.21942812119109908,0.8396374586109885,0.17565117490459056,-0.016300283124677042,5.832608876690525,6.717696117377507,0.8850872406869819,26,-1.6966166666666638,80.41335483870968,80.07838709677421,-0.33496774193547196,0.22240375541054155,0.00040649313390574897,46.38561256051566,0.018783333333334273,0.05344605475039543,-0.0008755794371429884,8.951802815679762e-05
218,19,phase1,round_3,1,D1_2,D1_2_Team3,1.0,1.0,1.0,1.0,1.0,1.0,1.0,1.0,1.0,1.0,3.0,2.3163327390318385,0.3390238173349111,0.14636231298816485,0.5131993751258761,-0.013193337600008686,8.267555343669418,9.00612493242482,0.7385695887554018,18,-2.408250000000005,83.33986754966887,77.21304635761591,-6.126821192052958,0.2763405862361317,0.0007643396052072692,19.843636450420306,0.06297499999999925,0.19381533577801235,-0.00047917498567667436,0.000255696120701692
219,19,phase3,round_2,1,D1_2,D1_2_Team3,1.0,1.0,1.0,1.0,1.0,1.0,1.0,1.0,1.0,1.0,2.0,0.8299961414672157,0.09762629870085386,0.11762259343552628,1.1275743489619894,-0.01159130123173017,12.477257647426018,15.874170612697007,3.396912965270989,17,-1.2872333333333421,76.69165562913906,75.62145695364238,-1.070198675496684,0.31859951010717447,0.0006425798231075423,66.87836756210496,0.0002666666666646472,0.024723649962112404,-2.4549037309873176e-05,-4.388587249153229e-06
220,19,phase2,round_2,1,D1_2,D1_2_Team3,1.0,1.0,1.0,2.0,1.0,1.0,1.0,3.0,1.0,3.0,3.0,0.6599899528188884,0.1965351071990184,0.29778499863459396,-0.053424271469917184,-0.018113786975771675,11.429952731774213,10.533944828164865,-0.8960079036093482,21,-1.854666666666681,99.76589403973509,86.00605263157895,-13.759841408156134,0.4523730658742592,0.00350057288471373,35.378807208415715,0.06393333333333498,0.19865133786105105,-0.000585149047726659,0.0002634025132113073
221,19,phase1,round_2,1,D1_2,D1_2_Team3,1.0,1.0,1.0,1.0,1.0,1.0,1.0,1.0,1.0,1.0,1.0,0.7360728889569745,0.1251542539415247,0.17002970197539816,0.5877048881851359,-0.017614183367139942,14.114820767004684,15.368086487600438,1.2532657205957545,16,1.0506166666666692,89.49947019867551,96.8567105263158,7.357240327640284,0.3028173448976477,0.0007894537092255655,32.49245265960486,-0.007004166666664743,0.004785478547852051,-0.00014534974565524807,-3.852025531688807e-05
222,19,phase3,round_4,1,D1_2,D1_2_Team3,3.0,2.0,1.0,1.0,1.0,1.0,1.0,1.0,1.0,1.0,1.0,2.9828336328446308,0.33515197222093984,0.1123602632511946,0.8048177920446877,-0.0052931818260399865,12.420245995217421,13.209538964590761,0.7892929693733404,20,-1.1290000000000036,77.07578947368421,74.24828947368422,-2.8274999999999864,0.19737050314459625,0.001338367583314208,12.90815803501961,-0.03340000000000067,-0.14436068619824738,-0.00036872167919585464,-0.00012383523410573185
223,19,phase2,round_4,1,D1_2,D1_2_Team3,2.0,1.0,1.0,2.0,2.0,2.0,1.0,2.0,1.0,3.0,3.0,0.9384397520948154,0.27274726384752657,0.29063907750997475,0.23598084581671905,-0.01844522654390953,8.80973833761029,9.431130243541505,0.6213919059312154,21,0.5830666666666605,82.25210526315789,90.68717105263157,8.435065789473683,0.5547160543828699,0.0028546713006729115,36.92101475497245,0.02464999999999413,0.056889117098762654,-0.0005970242538933595,0.00011531362499234786
224,19,phase1,round_4,1,D1_2,D1_2_Team3,1.0,1.0,1.0,1.0,2.0,1.0,1.0,1.0,1.0,1.0,1.0,1.0304665651021776,0.3175368911884424,0.3081486599780717,1.5521317359798255,-0.025968398144768312,9.428109429967149,12.971953202257753,3.5438437722906038,13,3.129683333333318,80.96549668874172,92.07476821192054,11.109271523178819,0.2820010367314419,0.0010784548740732664,32.60591928685822,0.06965000000000036,0.21190713101161407,-0.001544375770412616,0.0002757576256680722
225,19,phase3,round_1,1,D1_2,D1_2_Team3,1.0,1.0,1.0,1.0,1.0,1.0,1.0,1.0,1.0,1.0,1.0,1.1600634215416865,0.2290069302377976,0.1974089743588802,0.4749059485488958,-0.042957586629948745,24.038033767708217,24.427006380426427,0.3889726127182094,15,1.014733333333329,83.60426666666666,86.43846666666667,2.83420000000001,0.11347800458716037,0.0001786854033482602,63.13618507526995,-0.014625000000007214,-0.022355155582339137,-0.00035211982846915544,-5.8005990270304144e-05
226,19,phase2,round_1,1,D1_2,D1_2_Team3,1.0,2.0,1.0,2.0,1.0,1.0,1.0,3.0,1.0,2.0,2.0,0.770370874641649,0.05878798981771909,0.07631128298440062,0.5281654185161301,-0.04003195909705339,20.152161583170614,21.69364838723811,1.541486804067496,9,-2.315516666666674,92.22006329113924,84.61666666666666,-7.60339662447258,0.20893794124366016,0.0013472503076641523,28.627430098917884,0.08190833333333451,0.2448503937007871,-0.00044233406829963636,0.000326057506869055
227,19,phase1,round_1,1,D1_2,D1_2_Team3,1.0,1.0,1.0,1.0,1.0,1.0,1.0,1.0,1.0,1.0,1.0,0.35955564261288786,0.10131133785952304,0.2817681767508761,1.072556782055528,-0.023897175142558957,22.86467572890479,25.50959976681003,2.644924037905241,12,-2.0479833333333395,83.96519736842104,79.70546052631579,-4.259736842105255,0.13338571578290329,0.0002715358075727034,60.651101333079325,0.06361666666666568,0.16597343424624,-8.000138891298254e-05,0.00026295282976460593
228,20,phase3,round_3,0,D1_2,D1_2_Team2,0.0,1.0,1.0,1.0,1.0,1.0,1.0,3.0,1.0,2.0,3.0,0.010966859014111829,0.004552135587779102,0.4150810712457914,0.002958754631470793,-0.01528379575948764,9.63384225483032,9.507505374539518,-0.12633688029080226,7,-4.990966666666663,65.52748344370859,53.866644736842105,-11.660838706866485,0.20405573190149373,0.0001841210301261113,60.35098193711238,0.018800000000000327,0.052681886370457676,-0.00016840570148785744,7.864398781292355e-05
229,20,phase2,round_3,0,D1_2,D1_2_Team2,4.0,3.0,1.0,4.0,1.0,2.0,1.0,5.0,1.0,4.0,4.0,0.020189382865339067,0.014970153985729213,0.7414864577871683,0.18310732501420093,-0.018272432540756098,7.901338594093254,8.383249895377391,0.4819113012841374,16,-1.7610500000000076,72.66416666666667,72.17070063694267,-0.49346602972400433,0.27664542705002804,0.0009889668973832445,19.97142890851913,-0.02466666666666667,-0.08287539936102206,0.0008036250629352488,-0.00013834566976660045
230,20,phase1,round_3,0,D1_2,D1_2_Team2,0.0,1.0,1.0,1.0,1.0,1.0,1.0,1.0,1.0,1.0,2.0,0.014985633163367816,0.0007974852244214301,0.053216651957747926,-0.43095223200706606,-0.013839780433417772,7.3404836671125375,6.194533555198364,-1.145950111914174,6,-1.6735833333333339,58.922894736842096,56.28934210526315,-2.6335526315789437,0.1693298770469229,0.0001261039062642853,57.14072864684542,-0.0014124999999986676,0.006587454627954514,-0.0012549523429225792,1.8542011035875064e-05
231,20,phase3,round_2,0,D1_2,D1_2_Team2,1.0,1.0,1.0,1.0,1.0,3.0,1.0,3.0,1.0,2.0,3.0,0.005378071160830433,0.0013712464482179111,0.25496993386866523,-0.42988219649137605,-0.010998609853052335,7.468650893126203,6.376052630152599,-1.0925982629736035,3,-11.461933333333324,79.61593333333333,55.77178807947019,-23.84414525386314,0.47427910207668517,0.0006225665271508182,63.81717879025214,-0.027116666666671306,-0.06913929249996897,-3.252660636463584e-05,-0.00011250596684902302
232,20,phase2,round_2,0,D1_2,D1_2_Team2,6.0,2.0,1.0,3.0,1.0,2.0,1.0,5.0,1.0,2.0,3.0,0.09612961135660515,0.03173872027326401,0.33016590648146016,0.07526569648705943,-0.01418070559461258,9.248105747113609,9.01067226679473,-0.23743348031887912,18,-1.5970833333333312,70.87666666666668,69.020522875817,-1.8561437908496856,0.2599325259231458,0.001153127779812935,29.87014250701161,0.029083333333335726,0.08296369831773376,0.00040097918366624414,0.00011874525233439232
233,20,phase1,round_2,0,D1_2,D1_2_Team2,0.0,1.0,1.0,1.0,1.0,2.0,1.0,2.0,1.0,1.0,3.0,0.01581132065051359,0.0012438360167583125,0.07866743355925235,-0.2710668399355707,-0.018073574133816307,11.665830994321068,10.871925474013937,-0.7939055203071312,3,-3.7921500000000066,67.43581699346406,60.02961038961038,-7.406206603853676,0.25864592093883987,0.0006710189748076292,40.806629760631296,0.06026666666666171,0.15400755083930306,0.00011666869216492228,0.00024761037461821156
234,20,phase3,round_4,0,D1_2,D1_2_Team2,4.0,1.0,1.0,2.0,1.0,2.0,1.0,3.0,1.0,1.0,1.0,0.06320521015081731,0.011844502903325586,0.1873975717359817,0.8740399050445204,-0.013999024257562566,6.774498647500816,9.454294808582876,2.67979616108206,19,-8.960183333333335,80.32307189542483,56.501895424836604,-23.821176470588227,0.3208492828339841,0.003702427789424421,34.296941497547344,0.03378333333333159,0.09433715220949779,-0.00023465685168126628,0.00014580065309870605
235,20,phase2,round_4,0,D1_2,D1_2_Team2,8.0,3.0,2.0,3.0,1.0,2.0,1.0,5.0,1.0,3.0,3.0,0.07991100491646314,0.014752497981811444,0.18461159382532252,0.6024886478488407,-0.008080699428899513,6.862580336808605,8.400751712432076,1.5381713756234703,15,-4.3096666666666685,79.39761589403973,68.20243421052632,-11.195181683513411,0.3808616929268064,0.0012561203939439978,30.056563554908898,-0.018000000000002493,-0.025634266886328305,-0.0002537891282835091,-7.464091249084505e-05
236,20,phase1,round_4,0,D1_2,D1_2_Team2,0.0,1.0,1.0,2.0,1.0,3.0,1.0,4.0,1.0,2.0,4.0,0.014325169960347661,0.0008569269641965807,0.059819671708508215,-0.7518211577869358,-0.014997589126066269,7.304448415337951,5.442420516909206,-1.862027898428745,3,-3.9848333333333303,62.53668874172186,53.49350993377483,-9.04317880794703,0.15748754103545892,0.00035070852283733975,89.41968949640929,0.00015000000000356663,-0.0011239669421527765,-9.375162763226404e-05,4.259297395726045e-06
237,20,phase3,round_1,0,D1_2,D1_2_Team2,1.0,1.0,1.0,2.0,1.0,3.0,1.0,3.0,1.0,2.0,4.0,0.06699060077307412,0.0322319161193411,0.481140872710254,0.39377761671862593,-0.021216765283673684,14.378059116808812,15.395740897558992,1.0176817807501806,7,-2.3290166666666656,66.93741721854305,61.69397350993377,-5.243443708609277,0.17835348826812625,0.0005616461817722553,124.8686329130617,0.026666666666664497,0.05993377483443396,-5.77787808816472e-05,0.00011086572581884722
238,20,phase2,round_1,0,D1_2,D1_2_Team2,4.0,1.0,1.0,4.0,1.0,2.0,1.0,5.0,1.0,4.0,5.0,0.22060189096098698,0.12525934507409733,0.5678072138386575,-0.473349120389055,-0.030405301257307834,14.374888306896198,12.970702162853584,-1.4041861440426135,15,-0.5887166666666656,70.9508552631579,70.81901315789473,-0.13184210526317486,0.16045006831548003,0.0007104958047272913,28.70575090610402,0.002095833333332826,0.00990743952137052,4.997048559866345e-05,3.6880213836033177e-06
239,20,phase1,round_1,0,D1_2,D1_2_Team2,0.0,1.0,1.0,2.0,4.0,1.0,3.0,4.0,1.0,2.0,2.0,0.11762817104740896,0.0365887719232584,0.31105449993362244,0.9326833725119577,-0.026512640426649064,16.98054152783096,19.356815844835758,2.376274317004796,11,5.5630499999999925,64.98598684210526,78.62236842105263,13.636381578947365,0.41357692704919935,0.0003169374202827647,79.58985202070684,0.021900000000000523,0.07385648790427268,-0.0006843521588915943,8.311977545911083e-05
240,21,phase3,round_3,1,D1_3,D1_3_Team8,3.0,2.0,1.0,2.0,1.0,1.0,1.0,2.0,1.0,3.0,4.0,0.012344310275510795,0.0012769115560626607,0.10344130433887877,0.09283925517527837,-0.003974503055969125,2.1513814466320964,2.4129820773849606,0.2616006307528642,5,-1.7438333333333356,64.4828947368421,61.10392156862745,-3.3789731682146495,0.1991808884300637,0.0007878490305487893,68.30156871516213,0.047433333333331835,0.11198686371100308,0.0005169534193302818,0.000189333359906556
241,21,phase2,round_3,1,D1_3,D1_3_Team8,0.0,1.0,1.0,3.0,1.0,3.0,2.0,2.0,1.0,3.0,4.0,0.0006286613308731043,0.00013435486362614078,0.21371580695053186,-0.04762147538120248,-0.005094448403018531,2.3104312130321376,2.1869145219901536,-0.12351669104198404,4,-1.5622999999999974,69.75168831168831,66.85181818181819,-2.8998701298701235,0.21632328925086336,0.00038027069239543405,46.15970252013804,-0.0646333333333326,-0.16405018541538752,-0.00021443948679659465,-0.00027374157145107725
242,21,phase1,round_3,1,D1_3,D1_3_Team8,1.0,1.0,1.0,2.0,1.0,1.0,1.0,2.0,1.0,1.0,2.0,0.0011335303030222449,0.0003760069840439918,0.3317132175835734,-0.10872475946796872,-0.0075439120821705775,3.1022344923927654,2.814277398656637,-0.2879570937361282,5,-0.9396333333333345,71.0266,66.8022,-4.224400000000003,0.27505973811478196,0.0007503123598123973,38.54922470289591,-0.13747916666666948,-0.34634509151414505,-0.00036493689126549235,-0.0005742332027802637
243,21,phase3,round_2,1,D1_3,D1_3_Team8,1.0,1.0,1.0,2.0,1.0,1.0,1.0,2.0,1.0,1.0,2.0,0.006924018304497527,0.0038883701205491405,0.5615771001101243,-0.36663181768891,-0.009287820434730027,4.787449944974597,3.796311978293851,-0.9911379666807458,7,-0.6088500000000086,64.26431372549018,61.28012987012987,-2.984183855360314,0.15290541311371925,0.0003410132233298751,35.02738907500718,0.02113333333333091,0.04374502500119348,0.00018833660306602788,7.673081549997215e-05
244,21,phase2,round_2,1,D1_3,D1_3_Team8,0.0,1.0,1.0,3.0,1.0,3.0,1.0,3.0,1.0,3.0,3.0,0.012848675496709948,0.002470085977909918,0.19224440515618998,0.2503037611476941,-0.005133423132630059,2.96458293057462,3.632018127437595,0.667435196862975,13,-1.759433333333333,67.01954248366013,62.73679738562091,-4.282745098039221,0.18599841353104488,0.0008096670251860903,40.40820771757718,0.002079166666666772,0.010882406426837576,-0.0003730707130333376,1.2691058279538023e-05
245,21,phase1,round_2,1,D1_3,D1_3_Team8,1.0,1.0,1.0,3.0,1.0,1.0,2.0,3.0,1.0,2.0,4.0,0.0047093255540055475,0.0012349212383807272,0.2622288954583649,-0.2860191867617925,-0.015165110653102701,4.54092797928235,3.697680229627165,-0.8432477496551853,5,0.54178333333334,65.67893333333333,65.42153333333333,-0.25740000000000407,0.2014744977513212,0.0009395627953609941,31.050218821250148,-0.032441666666669186,-0.09151919866444302,8.625149742187364e-05,-0.00014763629029800247
246,21,phase3,round_4,1,D1_3,D1_3_Team8,2.0,1.0,1.0,1.0,1.0,1.0,1.0,2.0,1.0,2.0,1.0,0.001402600807122532,9.484909502500829e-05,0.06762372768028944,-0.16661282182432308,-0.007109469982242325,3.0058157410926167,2.647652927183549,-0.3581628139090678,3,-1.3524666666666807,62.489256198347114,60.803636363636365,-1.6856198347107494,0.12610342853704132,0.0002818436216678307,65.73474194659498,0.04308333333332754,0.08669421487602946,0.00027795621451771977,0.0001730673624591052
247,21,phase2,round_4,1,D1_3,D1_3_Team8,5.0,3.0,1.0,3.0,2.0,1.0,1.0,2.0,1.0,2.0,2.0,0.002237595020697933,0.0012857685495657875,0.574620759195621,-0.02257003110870163,-0.007181575200166029,3.2969210307665815,3.2687612489307685,-0.028159781835813025,11,0.2647333333333308,67.0139751552795,67.824099378882,0.8101242236025001,0.1740635827538934,0.0004719587916521132,91.96120392320361,-0.10339999999999984,-0.2794686687982413,-0.00045861907324771443,-0.0004511252715999516
248,21,phase1,round_4,1,D1_3,D1_3_Team8,3.0,1.0,1.0,2.0,1.0,1.0,2.0,2.0,1.0,2.0,2.0,0.033938569796087364,0.00902195250138827,0.2658318413414219,0.24320496612938095,-0.007540541017297049,3.782170415857973,3.9317656910386276,0.1495952751806544,16,-0.8859500000000134,64.70188976377953,63.603464566929134,-1.0984251968503997,1.219814992775868,0.0007871570461607888,33.77688557700912,0.012566666666659504,0.023605672474268147,5.416760707643634e-06,4.7706486522280356e-05
249,21,phase3,round_1,1,D1_3,D1_3_Team8,4.0,3.0,1.0,3.0,3.0,1.0,3.0,2.0,1.0,2.0,3.0,0.022797297436334813,0.007268599439584686,0.3188360137811704,0.047252693340943654,-0.006391320657540759,4.879178279920437,5.026481337697595,0.14730305777715813,9,-2.6057000000000032,70.90622516556292,64.4032450331126,-6.502980132450318,0.20829317442400247,0.00014713531013855346,112.92973551621249,0.03138749999999682,0.0709933774834397,0.0002456466258095431,0.00013048762395084638
250,21,phase2,round_1,1,D1_3,D1_3_Team8,5.0,2.0,1.0,3.0,2.0,1.0,2.0,3.0,1.0,2.0,4.0,0.015354293802642555,0.0033136283630364623,0.21581118647515846,0.27049226318982944,-0.004876365108609732,2.664939243094144,3.4886397423199735,0.8237004992258297,13,-2.4294166666666692,74.99196078431373,68.82437908496733,-6.1675816993464,0.15214531449016563,0.0004245018855738058,43.971370886813325,-0.015466666666664993,-0.04798375105634278,4.283060469808245e-05,-5.267954893508351e-05
251,21,phase1,round_1,1,D1_3,D1_3_Team8,0.0,2.0,1.0,3.0,1.0,1.0,1.0,3.0,1.0,2.0,4.0,0.04029127225482348,0.001431535631901897,0.03552967061571307,0.6266563378711328,-0.0005787974810444965,0.5462034678363888,2.072608766785885,1.5264052989494958,10,-1.1736666666666629,82.4574025974026,78.48922077922079,-3.9681818181818187,0.2011433118993123,0.0007182300035809555,12.32180127329876,-0.005158333333330512,-0.02944805194804445,-3.7752391534607606e-05,9.512877085400198e-06
252,22,phase3,round_3,0,D1_3,D1_3_Team8,0.0,1.0,1.0,1.0,1.0,2.0,1.0,4.0,1.0,3.0,3.0,0.019676360849245657,0.005493073650805506,0.2791712193576739,-0.09117668653583132,-0.004224752915093135,2.110930098467297,2.054412810078174,-0.05651728838912318,8,0.9116499999999946,82.36125,84.82236842105263,2.461118421052632,0.18678979908684593,0.0007918522303883536,24.183814648854636,0.03498333333333289,0.09852216748768328,-0.0004470216496813412,0.000148386495069573
253,22,phase2,round_3,0,D1_3,D1_3_Team8,0.0,1.0,1.0,1.0,1.0,3.0,1.0,4.0,1.0,5.0,5.0,0.009793781008999712,0.0010756427976398345,0.10982916573807436,0.19789148520101627,-0.0029923476297483735,1.6275245227055724,2.1866564166535163,0.5591318939479439,13,-3.5533333333333394,84.0643870967742,74.99148387096774,-9.072903225806456,0.11687821781389697,0.0001736139320694022,82.60926852566556,-0.027066666666666656,-0.07909677419354821,-0.00018847549436627121,-0.00011295599974898393
254,22,phase1,round_3,0,D1_3,D1_3_Team8,0.0,1.0,1.0,1.0,1.0,2.0,1.0,4.0,1.0,3.0,3.0,0.002733900069907734,0.0006403669013478653,0.23423200737892258,-0.01920053446682238,-0.005504672484093362,1.6625935238062368,1.4836819449855618,-0.178911578820675,5,0.7525666666666554,83.63668918918918,85.27040268456376,1.6337134953745789,0.14632433430844918,0.0003060238428580955,35.89921554316354,0.022449999999999495,0.08542649655634804,3.612041875731297e-05,0.00012397523267817682
255,22,phase3,round_2,0,D1_3,D1_3_Team8,0.0,1.0,1.0,1.0,1.0,2.0,1.0,4.0,1.0,3.0,3.0,0.011124453689270723,0.00447476000555959,0.4022453713727436,-0.5665658110995173,-0.009654494422760704,3.4767140314354448,2.0507984514351234,-1.4259155800003214,3,-1.2295333333333385,87.572987012987,85.04227272727272,-2.530714285714282,0.1508596431184433,0.0002780113725874337,83.6117478968133,-0.018783333333336868,-0.04285956345113817,-0.0003239292348825092,-7.64620779497294e-05
256,22,phase2,round_2,0,D1_3,D1_3_Team8,0.0,1.0,1.0,2.0,1.0,4.0,1.0,5.0,1.0,4.0,5.0,0.012440632630757939,0.002027130537539716,0.16294432909528125,0.21942231021838146,-0.0036401382343628566,2.5233087465540747,3.1417453863190583,0.6184366397649836,17,0.2941166666666633,85.77385620915034,86.67532467532466,0.9014684661743217,0.08914811058522232,0.00010445772933218989,122.58657478383645,-0.04630000000000125,-0.10912052117263471,-0.00021247764718127857,-0.0001949532082115597
257,22,phase1,round_2,0,D1_3,D1_3_Team8,3.0,1.0,1.0,1.0,1.0,2.0,1.0,4.0,1.0,2.0,3.0,0.000959724404814651,5.11253120489173e-05,0.05327082628350062,-0.24576712407122062,-0.00891355970022009,2.4447202422378553,1.904950637916698,-0.5397696043211573,3,2.7300333333333118,81.00872483221477,84.78899999999999,3.78027516778522,0.15080433120015097,8.912731447125763e-05,59.69472803457659,0.018524999999990653,0.020501672240797575,6.119897914892056e-05,3.198982749552009e-05
258,22,phase3,round_4,0,D1_3,D1_3_Team8,2.0,1.0,1.0,1.0,1.0,2.0,1.0,3.0,1.0,2.0,2.0,0.001631734335989737,0.0004846235153614954,0.29699903021746765,-0.027679193456944372,-0.003112451285243905,1.6520960612180757,1.5889193432521356,-0.06317671796594015,6,-1.3508000000000062,79.41314049586776,75.9359836065574,-3.477156889310365,0.09355910316545334,0.00012452580367038968,95.02237158839743,-0.05123333333333817,-0.12106580119638366,0.00030132467577560437,-0.00021888738020125903
259,22,phase2,round_4,0,D1_3,D1_3_Team8,2.0,1.0,1.0,1.0,1.0,4.0,1.0,5.0,1.0,5.0,4.0,0.0040267024821863786,0.0004934969384901665,0.12255609662579603,0.052670966165913685,-0.0029951059361761636,1.42437255010107,1.5313961058320484,0.10702355573097844,9,0.6016666666666591,82.45610062893083,84.70349999999999,2.2473993710691644,0.10965067460007519,0.00010487825181668757,60.922584203847656,-0.025974999999999904,-0.08453971477769073,2.562544488608824e-05,-0.00012991608146748873
260,22,phase1,round_4,0,D1_3,D1_3_Team8,0.0,1.0,1.0,1.0,1.0,2.0,1.0,3.0,1.0,3.0,3.0,0.0035371905514969696,0.0003725533857531886,0.10532465817978644,0.009745130377707318,-0.004239080148500552,1.3811911164397004,1.3668097020509284,-0.01438141438877194,7,-1.576400000000015,86.84834645669291,84.49203125,-2.356315206692912,0.4974114094351077,0.00036767288189029255,52.99502287742594,-0.015766666666668393,-0.03287878787878995,-6.583447629293122e-05,-6.73787152554002e-05
261,22,phase3,round_1,0,D1_3,D1_3_Team8,4.0,1.0,1.0,1.0,1.0,3.0,1.0,3.0,1.0,3.0,2.0,0.021307000010017188,0.008499738918967312,0.3989176756451532,-0.10898660354841166,-0.008079363920923259,4.4249813034530066,4.143694996606884,-0.28128630684612244,9,-0.5067500000000076,90.09450331125828,89.48644736842104,-0.6080559428372396,0.2305227287640443,0.00030183893058337497,51.911259116739316,-0.02440833333333635,-0.05033003300329142,-4.954079063869255e-05,-0.00011037673259811413
262,22,phase2,round_1,0,D1_3,D1_3_Team8,6.0,1.0,1.0,1.0,2.0,3.0,2.0,5.0,1.0,4.0,3.0,0.011800043941870154,0.007729869457089891,0.6550712433927434,0.02702346206808425,-0.009550775117267329,4.464197223052473,4.6475255985976895,0.18332837554521664,14,-1.0985166666666675,94.70915584415584,92.3509090909091,-2.358246753246746,0.11361974412078062,0.0003486288613057037,18.605448131109306,-0.028970833333337265,-0.08230519480520826,6.866438653445599e-05,-0.00012178368059289428
263,22,phase1,round_1,0,D1_3,D1_3_Team8,0.0,1.0,1.0,1.0,1.0,1.0,2.0,4.0,3.0,2.0,2.0,0.011827222016660175,0.002643410615776135,0.22350224017546544,-0.3399415027816458,-0.009005660592269227,3.9616579118567063,3.1394881065481153,-0.8221698053085911,8,-0.11573333333334161,84.58785714285713,84.84845161290323,0.2605944700461009,0.1327787438003343,0.00014625553953416686,40.235012608272065,-0.010816666666669885,-0.024886731391582373,-0.0001740394798520001,-4.9906965303434625e-05
264,23,phase3,round_3,0,D1_3,D1_3_Team9,1.0,1.0,1.0,3.0,1.0,2.0,1.0,3.0,1.0,3.0,4.0,0.00011703815448011091,3.156732521892931e-05,0.26971824153544527,-0.050671711730766636,-0.0016060535957565386,0.8099862683842215,0.6845052256009615,-0.12548104278326,3,3.49206666666666,99.77337748344371,107.76947368421052,7.996096200766814,0.26148708704014767,0.0007584446866157617,16.53221792052682,-0.03268749999999963,-0.05921460844601256,-0.0007751089428635154,-0.00014418427518250607
265,23,phase2,round_3,0,D1_3,D1_3_Team9,3.0,1.0,1.0,4.0,1.0,4.0,1.0,4.0,1.0,4.0,5.0,0.0008936292858503236,0.0001234087030480624,0.13809831996568256,0.07032128646269996,-0.001843552723139429,0.6456114455581271,0.8380103649934113,0.1923989194352842,13,-1.221783333333325,99.2948387096774,94.87316129032259,-4.421677419354822,0.3159513296671603,0.001088930056609378,29.666503872775404,-0.009116666666668813,-0.05576929490853644,0.00041269813712045976,-3.4527764279806126e-05
266,23,phase1,round_3,0,D1_3,D1_3_Team9,2.0,1.0,1.0,3.0,1.0,3.0,1.0,3.0,1.0,4.0,4.0,0.0004830532076087527,2.1466664674913312e-05,0.04443954483022533,-0.056865022396280794,-0.004096343664594539,1.1337220202032472,0.9972930594571888,-0.13642896074605837,4,15.778066666666671,89.3946,129.70466666666664,40.31006666666664,0.5055709709713991,0.0007954699916970416,47.59107723865323,-0.014650000000006429,-0.02771040623261456,0.0002688935571799439,-1.6423118319249894e-05
267,23,phase3,round_2,0,D1_3,D1_3_Team9,2.0,1.0,1.0,3.0,1.0,3.0,1.0,3.0,1.0,4.0,4.0,0.011131269753893022,0.0034159887310203367,0.30688221618433403,-0.11225531131103489,-0.004719912347740629,2.9352122381195165,2.493541769999512,-0.4416704681200043,9,-1.562783333333339,96.14571428571428,92.16428571428571,-3.981428571428566,0.3303881834925865,0.0006789953102107528,93.94829455010209,-0.008916666666668382,-0.012605479885969828,-0.0006806020937862995,-3.836213518009627e-05
268,23,phase2,round_2,0,D1_3,D1_3_Team9,7.0,2.0,1.0,4.0,2.0,2.0,2.0,4.0,1.0,4.0,3.0,0.00032841359899829454,4.2771296609127736e-05,0.13023607042943994,0.03983993778405695,-0.0005981365278558597,0.5114207595568029,0.590711666577433,0.07929090702063013,8,3.132900000000001,88.2425165562914,95.21605263157895,6.973536075287541,0.2619394045492758,0.0007609248427950768,21.36130840237752,0.11383333333332973,0.295643564356439,0.0005906526154967189,0.00046986948108164797
269,23,phase1,round_2,0,D1_3,D1_3_Team9,1.0,1.0,1.0,2.0,1.0,2.0,1.0,2.0,1.0,2.0,2.0,0.0001744006811263373,1.070609132747859e-05,0.06138789859268387,-0.037222795430935,-0.002190643108563497,0.5520635325163473,0.5104475990946482,-0.041615933421699114,5,13.50985,100.3221476510067,115.27187919463086,14.949731543624154,0.5967608976998819,0.002118319502983494,31.442589399581017,0.07892916666665888,0.2295076833442664,-0.0003052526953593434,0.00034432908163211816
270,23,phase3,round_4,0,D1_3,D1_3_Team9,0.0,1.0,1.0,3.0,1.0,3.0,1.0,4.0,1.0,3.0,3.0,0.0005602251946319553,0.00011156651703863381,0.19914584011511366,0.018783067760931034,-0.0010410570286584321,0.5723891347619844,0.6277071779180434,0.05531804315605904,7,-4.750100000000019,124.47223140495868,113.32098360655736,-11.151247798401315,0.3063879137939488,0.0013885916731681083,21.11201177147768,-0.051183333333338236,-0.11500674557719037,-0.00016423896248180607,-0.00021767177903376898
271,23,phase2,round_4,0,D1_3,D1_3_Team9,3.0,1.0,1.0,4.0,1.0,4.0,1.0,4.0,1.0,4.0,5.0,0.0001140557427657109,5.183042474222861e-05,0.45443064492330526,0.006003201989103268,-0.001061821012104806,0.4760602297885592,0.493411852695409,0.017351622906849773,9,-10.702233333333337,111.9410625,87.60298136645963,-24.33808113354037,0.41628228103055254,0.0010534406625110004,54.83875161644192,-0.07174166666667187,-0.18659191975155665,-0.00026299067692158145,-0.0003095593320604003
272,23,phase1,round_4,0,D1_3,D1_3_Team9,0.0,1.0,1.0,3.0,1.0,2.0,1.0,3.0,1.0,3.0,3.0,7.379986814698385e-06,1.38723355909158e-06,0.18797236281353374,-0.006764514721768619,-0.0018767774869066828,0.5705082237714001,0.555112044218334,-0.015396179553066047,3,5.109016666666652,79.27248000000002,90.53047619047621,11.257996190476192,0.7836639585944984,0.0008439799159120364,46.994272894624324,0.1430833333333295,0.2792294404252189,0.0005739682980607236,0.0005430153461510971
273,23,phase3,round_1,0,D1_3,D1_3_Team9,2.0,1.0,1.0,2.0,1.0,2.0,1.0,3.0,1.0,3.0,3.0,0.010722661066231546,0.0011604466433824839,0.10822375492563434,-0.294732853782415,-0.005112238698281956,2.7944749480484288,1.9208901065585091,-0.8735848414899197,4,-0.1238166666666606,107.64861842105263,107.65848684210526,0.009868421052630083,0.35314242304925036,0.00027648153520306803,46.18557785657007,0.04427916666666437,0.09138450533252751,4.4783763607091826e-05,0.000184038582789236
274,23,phase2,round_1,0,D1_3,D1_3_Team9,2.0,2.0,1.0,3.0,2.0,2.0,2.0,3.0,1.0,3.0,3.0,0.004164252153700558,0.0004900239571695661,0.11767393978150599,0.36884602759620777,-0.00017725757823833414,0.48978708525343945,1.4510971498752543,0.9613100646218149,9,4.29405,90.60640522875818,102.57006493506493,11.963659706306757,0.3355928321934302,0.0013846034166578492,48.25110723100934,0.016199999999997314,0.041174551386617964,3.208389034541074e-05,7.409437081388746e-05
275,23,phase1,round_1,0,D1_3,D1_3_Team9,1.0,1.0,1.0,3.0,1.0,2.0,2.0,2.0,1.0,1.0,2.0,0.0009392432285788367,4.667824640833365e-05,0.04969771938517164,-0.05642694284637784,-0.0016097235649507437,0.7269991372532735,0.5568792140148551,-0.1701199232384184,6,-0.7404000000000036,96.22228758169935,101.89227272727273,5.669985145573378,0.6334816647763716,0.0010302532017471993,31.274420846638797,-0.028866666666667942,-0.13775749105960955,0.0008519592354033248,-0.0001262608155770204
276,24,phase3,round_3,1,D1_3,D1_3_Team9,3.0,1.0,1.0,3.0,1.0,3.0,2.0,4.0,1.0,3.0,4.0,0.00018139357549112737,2.687229621338587e-05,0.1481435940640593,-0.0278821622122638,-0.0008787874363604273,0.47317557224583434,0.4174952084896691,-0.05568036375616525,5,-2.5913500000000016,75.08556291390728,67.36801324503311,-7.71754966887417,0.15531235272926283,0.0003285542688576755,28.164523540326833,-0.033075000000000944,-0.07970198675495865,-0.00014233754058226515,-0.0001401046304273149
277,24,phase2,round_3,1,D1_3,D1_3_Team9,4.0,1.0,1.0,4.0,1.0,4.0,2.0,5.0,1.0,3.0,5.0,0.0006955536997231866,4.304704805559613e-05,0.06188889236406593,-0.157104224942926,-0.002999156669737352,0.976826456376763,0.591655459543232,-0.38517099683353107,4,2.074866666666665,70.3288387096774,76.90503225806452,6.576193548387124,0.17116391961695882,0.0006010134380176653,29.205387405475783,-0.03686666666666703,-0.10347381312210047,-0.00011458532266180362,-0.0001513255992985378
278,24,phase1,round_3,1,D1_3,D1_3_Team9,2.0,1.0,1.0,3.0,1.0,3.0,1.0,4.0,1.0,3.0,4.0,0.010783761011421464,0.0029535283864730146,0.2738866693489245,0.40692840800093916,-0.0018206094465014178,0.9090886899495313,1.743399249481242,0.8343105595317107,13,2.2128999999999936,70.46288590604026,70.51686666666667,0.05398076062641621,0.25337851357394064,0.00037336783862054876,46.683862682114594,-0.03164166666666744,-0.1025003895381218,-4.61119116651656e-05,-0.00016697359095854057
279,24,phase3,round_2,1,D1_3,D1_3_Team9,2.0,1.0,1.0,3.0,1.0,3.0,1.0,4.0,1.0,3.0,4.0,0.0007750092662632147,0.00015675880676771633,0.2022670096882128,-0.04011351405990959,-0.0013247608617351118,0.6444422497985504,0.5346703900510387,-0.10977185974751169,6,-2.459733333333324,74.9864935064935,69.99876623376623,-4.98772727272727,0.19435184186542218,0.0001888966873257481,39.47529689425463,-0.02188333333333447,-0.05548701298701886,-0.0001711054011352862,-9.105336367309263e-05
280,24,phase2,round_2,1,D1_3,D1_3_Team9,4.0,1.0,1.0,4.0,1.0,3.0,2.0,5.0,1.0,4.0,5.0,0.001699734215315967,0.00038563748608670906,0.22688105152664834,-0.09581691780092381,-0.0028265724293736563,1.0825428968320545,0.8602343199510794,-0.22230857688097516,7,-0.46206666666666674,75.20941558441558,73.90490322580645,-1.3045123586091307,0.17595011099297872,0.0005351339921880689,17.977109576327877,-0.02463333333333456,-0.05970826580226429,-0.00024139307974100903,-0.00010303086297560696
281,24,phase1,round_2,1,D1_3,D1_3_Team9,1.0,1.0,1.0,4.0,1.0,3.0,1.0,5.0,1.0,3.0,4.0,0.005109291209124646,0.0005415836856687818,0.10599976855920279,-0.41899167538687637,-0.01311469206569149,2.727113849931739,1.7644457083992053,-0.9626681415325336,4,2.544599999999987,68.13657718120805,70.14174496644294,2.005167785234889,0.17077561232304156,0.00045824297235009224,32.41741398928524,0.15485833333332757,0.2193624161073906,0.0005941856629455678,0.0003224759371711716
282,24,phase3,round_4,1,D1_3,D1_3_Team9,2.0,1.0,1.0,3.0,1.0,2.0,1.0,3.0,1.0,3.0,3.0,8.987334423629797e-05,2.4182867115125467e-05,0.2690771921376718,0.003468855049672133,-0.0007950666093656118,0.4544626900268862,0.4521486887766086,-0.002314001250277642,5,-5.4957833333333515,73.41844262295083,64.40418032786886,-9.014262295081977,0.23813662779577263,0.0006301709850607627,49.95654229249388,-0.038125000000003566,-0.07640081799590703,-0.0001629628986613335,-0.00015445234567137463
283,24,phase2,round_4,1,D1_3,D1_3_Team9,6.0,2.0,1.0,5.0,1.0,4.0,3.0,5.0,1.0,4.0,5.0,3.664543459969456e-05,3.8577967179205275e-05,1.0527359710867454,-0.020221894916544515,-0.0009470612035792654,0.4701109959497177,0.4071023250152639,-0.06300867093445384,8,1.0859666666666616,66.56075000000001,70.07919254658385,3.5184425465838416,0.2019429065354858,0.000568350603818233,36.40022435098832,-0.011366666666670421,-0.03227414330218181,-9.902949703977059e-05,-6.056752520751284e-05
284,24,phase1,round_4,1,D1_3,D1_3_Team9,2.0,1.0,1.0,3.0,1.0,4.0,2.0,5.0,1.0,3.0,4.0,0.0002473628703248235,3.333774405185872e-05,0.13477262779204255,0.006512401603622983,-0.0017344992292025034,0.4993625134130141,0.5248847077874175,0.025522194374403395,5,4.730033333333329,65.14220472440945,73.50322834645668,8.361023622047227,0.6504638053384185,0.0012594312695769984,16.317228391841038,-0.03620000000000621,-0.07598153177620759,-0.00029181062171216383,-0.00014096918120969234
285,24,phase3,round_1,1,D1_3,D1_3_Team9,2.0,1.0,1.0,3.0,1.0,2.0,2.0,5.0,1.0,3.0,5.0,0.0068616239223801365,0.0023113292707820756,0.336848725160141,0.16065768702188585,-0.001912415326007831,1.5151305947725418,1.9060930827505658,0.390962487978024,14,-0.4851333333333391,79.67688741721854,77.94927631578948,-1.727611101429062,0.18753189574184378,0.0008008052008974471,24.835888193452128,-0.014483333333330187,-0.03735973597360953,-9.777947533813848e-05,-6.018094387435976e-05
286,24,phase2,round_1,1,D1_3,D1_3_Team9,3.0,1.0,1.0,4.0,1.0,3.0,2.0,5.0,1.0,3.0,3.0,0.007148025833647318,0.0022387362907083236,0.31319644651675754,-0.15455587479165253,-0.0029388470046927883,1.8280466793625867,1.387071784387812,-0.4409748949747747,9,-3.1958333333333324,89.40039215686275,80.05228758169935,-9.348104575163404,0.18149741451439436,0.0012672203229882007,26.237158656940835,0.029166666666665994,0.07663425435641003,-1.0555738814853739e-05,0.00011921809404762027
287,24,phase1,round_1,1,D1_3,D1_3_Team9,1.0,1.0,1.0,4.0,1.0,2.0,2.0,5.0,1.0,3.0,4.0,0.0059112614663565325,0.0005740007284704342,0.09710291648192404,-0.014331656438280705,-0.0028782920381602004,1.5175490496944855,1.4189629665585382,-0.0985860831359473,10,0.22376666666665754,73.53248366013072,76.37084415584415,2.838360495713431,0.17863041042726108,0.0005724394748361629,48.83076328486209,-0.03759166666666503,-0.09553017944535469,-0.00016671296376680097,-0.0001514775297914955
288,25,phase3,round_3,0,D1_5,D1_5_Team12,6.0,3.0,2.0,2.0,1.0,1.0,1.0,2.0,1.0,3.0,3.0,0.017254271375565393,0.0025654982692090676,0.14868771989075086,-0.46378510835699954,-0.008985449631682414,2.9703763133478795,1.850883556374829,-1.1194927569730506,9,-4.861883333333333,77.93794871794871,71.68662420382165,-6.251324514127063,0.4392844560570443,0.0008319218388785315,88.2274780862824,-0.027816666666668922,-0.08116133333332698,0.0004503550408861318,-0.00010831766952022852
289,25,phase2,round_3,0,D1_5,D1_5_Team12,8.0,2.0,1.0,2.0,1.0,1.0,1.0,2.0,1.0,2.0,2.0,0.014515331329615752,0.006190821836301312,0.4265022751268603,-0.07915987211988924,-0.007116736176470472,2.9755627023315223,2.890665421654602,-0.08489728067692015,16,-6.9879999999999995,79.47174193548386,61.55897435897436,-17.912767576509502,0.41197635384695597,0.0010929172297645836,29.977537514578422,0.025499999999996612,0.0770418006430802,-6.048716123527644e-05,0.00010213691461633103
290,25,phase1,round_3,0,D1_5,D1_5_Team12,2.0,1.0,1.0,1.0,1.0,1.0,1.0,1.0,1.0,1.0,1.0,0.005566607465377546,0.0005279941779063837,0.09485026224506264,-0.4894754323480746,-0.017146297416584504,2.581004131263169,1.8708137800583047,-0.7101903512048642,6,4.096500000000007,69.01353982300884,76.07385964912281,7.060319826113968,0.23058122021327795,0.0019030805431736056,21.440995677287674,0.008000000000002264,-0.012442321592523342,8.041806281369924e-05,-2.5392735339295877e-05
291,25,phase3,round_2,0,D1_5,D1_5_Team12,7.0,3.0,1.0,3.0,2.0,1.0,1.0,1.0,1.0,1.0,1.0,0.027470826866117813,0.005398784752221149,0.1965279304672094,-0.13766434283095158,-0.008374225475497718,2.5519350547799955,2.3747175704442087,-0.17721748433578677,8,2.2381500000000027,64.70298701298701,73.48993506493507,8.786948051948059,0.3009761534592734,0.0009313269246775147,36.410945447497305,0.0885500000000022,0.23622764227643245,2.1875379780886403e-05,0.00036045531645199506
292,25,phase2,round_2,0,D1_5,D1_5_Team12,7.0,2.0,1.0,3.0,3.0,2.0,1.0,3.0,1.0,3.0,3.0,0.0037263613758893492,0.0015932059509709778,0.4275500388339917,-0.022508348245263918,-0.006712826480385215,2.3161050811009667,2.3357557790440384,0.019650697943071727,12,0.8900666666666635,74.9324358974359,83.37282051282051,8.440384615384616,0.6644878113607091,0.001952521030600563,26.836710915603597,0.04108333333333177,0.12763401860311774,0.00025285161200713893,0.00016824599312456173
293,25,phase1,round_2,0,D1_5,D1_5_Team12,5.0,1.0,2.0,2.0,1.0,1.0,3.0,2.0,1.0,2.0,2.0,0.002817443458065113,0.0003523128367827034,0.1250469945631687,-0.24316333601821358,-0.010350831132071546,2.1920985249253793,1.6609959305447266,-0.5311025943806527,5,5.6494833333333165,58.9465100671141,71.19416107382551,12.247651006711415,0.23295929616573294,0.0006508848203293508,52.889126392522755,-0.03877500000000457,-0.07736686789653646,-0.00046117120088880566,-0.00015521231443420624
294,25,phase3,round_4,0,D1_5,D1_5_Team12,1.0,1.0,1.0,2.0,1.0,2.0,1.0,2.0,1.0,1.0,1.0,0.048278861074530055,0.015716137613041636,0.3255283422858711,-0.17438462535680374,-0.006916954085952786,2.9931901522911866,2.688322531371921,-0.30486762091926556,15,3.224150000000004,73.1603870967742,86.1696794871795,13.009292390405292,0.47770958919923645,0.004727952037146241,44.24429381837713,-0.05149166666666776,-0.11025723472668147,7.982777478783112e-05,-0.00023626267505577663
295,25,phase2,round_4,0,D1_5,D1_5_Team12,2.0,1.0,1.0,3.0,1.0,3.0,1.0,3.0,1.0,4.0,4.0,0.007169103499924589,0.0012897646087874585,0.17990598249851258,0.1336888547424698,-0.002684706458021588,1.1790072425323024,1.5743376540243683,0.39533041149206594,15,-5.822866666666666,86.2255625,66.1278125,-20.09774999999999,0.4106856412449368,0.001655890779052139,18.612532798600622,-0.04319166666666802,-0.11212499999999181,3.392420007280473e-05,-0.00016153322542309897
296,25,phase1,round_4,0,D1_5,D1_5_Team12,2.0,1.0,1.0,1.0,1.0,1.0,1.0,1.0,1.0,1.0,1.0,0.005177495204915901,0.00021906155166196133,0.042310334049941355,-0.2695072249153655,-0.007403729348554043,1.8990157664840785,1.2304523963548128,-0.6685633701292657,4,-6.073933333333329,78.65980392156864,63.40934640522875,-15.250457516339885,0.34801403777980466,0.0015866736315627683,53.27969939000881,0.032999999999994624,0.10470118859166888,-0.00010222399694435773,0.00013727241282178858
297,25,phase3,round_1,0,D1_5,D1_5_Team12,2.0,1.0,1.0,2.0,1.0,2.0,1.0,2.0,1.0,2.0,2.0,0.030966572925378466,0.006016782930601486,0.1942992834596323,-0.019648037267047506,-0.018840862326270132,3.0218970740894306,3.385785388463643,0.3638883143742122,11,-0.5993166666666783,66.49106382978725,66.94077464788732,0.44971081810007263,0.2439102264800725,0.001156492781044609,31.911189825512377,0.005066666666664126,0.018835978835980427,-0.000831108178961464,1.4584265386207304e-05
298,25,phase2,round_1,0,D1_5,D1_5_Team12,2.0,1.0,1.0,3.0,1.0,2.0,1.0,3.0,1.0,3.0,3.0,0.007138302312880832,0.0016973305029311947,0.23777789571456193,-0.23651839518027118,-0.007171611098741178,2.8683541013580873,2.2763500965594536,-0.5920040047986337,11,-5.096366666666663,72.55389937106918,60.58647798742138,-11.967421383647796,0.26757645801393065,0.0005156739142307782,24.75024657142332,-0.015900000000000556,-0.044617302963310124,0.00032861681626425394,-5.230905301881358e-05
299,25,phase1,round_1,0,D1_5,D1_5_Team12,5.0,1.0,1.0,2.0,1.0,1.0,1.0,2.0,1.0,2.0,1.0,0.01341194559869095,0.0032900301517415575,0.24530595710607975,-0.6922408800200687,-0.012459495363349652,3.1326173021252086,1.7072671321539707,-1.4253501699712379,5,-3.6666833333333484,68.10105691056911,59.19516129032259,-8.905895620246525,0.21287520677273936,0.0014405430135178135,29.018356226614717,-0.04509583333334044,-0.10565021179537126,0.000101425371968284,-0.0001875649170984329
300,26,phase3,round_3,1,D1_5,D1_5_Team12,4.0,2.0,1.0,2.0,1.0,1.0,1.0,2.0,1.0,2.0,2.0,0.04304402995350206,0.022977861810428157,0.5338222707132625,-0.0977242062808211,-0.006247408970649068,2.196216250455533,1.7606519479095168,-0.4355643025460161,13,-4.016366666666668,119.44277419354837,102.39782051282052,-17.044953680727858,0.3699424541125806,0.0015714059633043535,14.476879809195731,-0.04032500000000296,-0.11767039140634594,-0.000396152710984535,-0.00016998556753522467
301,26,phase2,round_3,1,D1_5,D1_5_Team12,6.0,2.0,1.0,2.0,1.0,1.0,1.0,2.0,1.0,2.0,2.0,0.019114626789503784,0.009280054800507634,0.4854949512068681,0.1035151661602871,-0.006064276182735589,1.0448093537493959,1.2524821804496267,0.2076728267002308,8,-6.4213333333333384,118.05645161290323,98.51006451612903,-19.546387096774197,0.24893754821766315,0.0006040992004709731,20.31865162905403,0.1611500000000005,0.4276013713573299,-7.566103578185946e-05,0.0006453909632916324
302,26,phase1,round_3,1,D1_5,D1_5_Team12,2.0,2.0,1.0,3.0,1.0,1.0,1.0,4.0,1.0,3.0,4.0,0.011929710472087336,0.0020704528563551786,0.17355432566444443,0.1441670361934046,-0.004786603541097096,0.8519214805659603,0.9433710691341906,0.09144958856823027,7,-27.16083333333335,135.15125,100.33508928571428,-34.81616071428573,0.5425843324751772,0.00176686808011382,46.51683565863813,-0.10583333333333678,-0.15794183445189702,-0.00031250542544135384,-0.00030150845168511485
303,26,phase3,round_2,1,D1_5,D1_5_Team12,6.0,2.0,1.0,2.0,1.0,1.0,1.0,3.0,1.0,3.0,2.0,0.010576074243801841,0.0030189186580082926,0.285447944900495,-0.4073900043422734,-0.005580528760989968,2.706539318721536,1.697772630351817,-1.008766688369719,7,0.40220000000000594,100.21104575163397,101.85064935064935,1.6396035990153734,0.24361050558498604,0.0012709351974422645,21.856405151272384,-0.06702500000000475,-0.18170917083763882,0.00033689821003837024,-0.0002705109298517377
304,26,phase2,round_2,1,D1_5,D1_5_Team12,2.0,2.0,1.0,2.0,1.0,2.0,1.0,3.0,1.0,3.0,2.0,0.02505650376942783,0.037165423467730795,1.4832645372127857,0.5133485066492395,-0.003853523868544661,2.5348379715774727,3.679536963861564,1.1446989922840913,25,3.1577499999999983,91.06256410256411,101.82339743589743,10.760833333333323,0.3140135373000933,0.0007538226762431993,24.433837609087405,-0.03816666666667114,-0.08821829855537544,-0.0004579246167467767,-0.00014865497922547015
305,26,phase1,round_2,1,D1_5,D1_5_Team12,1.0,1.0,1.0,2.0,1.0,3.0,1.0,3.0,1.0,3.0,3.0,0.001375403135623446,0.00011907719345859951,0.0865762120024715,-0.2906742086476027,-0.00631024716149043,1.48398704905078,0.9173350017464754,-0.5666520473043046,5,-1.7138000000000384,120.91135135135133,108.31429530201343,-12.597056049337894,0.39538597290188165,0.001359092847225527,33.854241656858036,0.12089166666666618,0.37781422367604733,0.0001605930658519129,0.0006420677783733431
306,26,phase3,round_4,1,D1_5,D1_5_Team12,7.0,2.0,1.0,1.0,1.0,1.0,1.0,2.0,1.0,2.0,1.0,0.01198830144360217,0.000781828716454873,0.06521597076390781,-0.42237817428068425,-0.004484620231771102,1.778947593528676,0.6970275326938449,-1.0819200608348312,9,0.5772499999999949,89.06621794871793,91.94967948717947,2.883461538461532,0.16811896721745476,0.0009693878609650611,13.718183718640805,0.048333333333333776,0.10237601349961167,-0.00012777999618048368,0.00021238774020729305
307,26,phase2,round_4,1,D1_5,D1_5_Team12,7.0,3.0,2.0,2.0,1.0,1.0,1.0,1.0,1.0,3.0,1.0,0.09701856004447687,0.019717287764183737,0.20323212130900117,0.4858909735207205,-0.0011807951266546803,0.9425174319785856,2.0924904460682257,1.14997301408964,12,-4.7786500000000025,89.401625,74.68236024844721,-14.719264751552785,0.22262707045640237,0.0007837199223951223,20.914381216064182,-0.03348333333333094,-0.11046728971962949,-0.0002208371673118233,-0.0001573898088606015
308,26,phase1,round_4,1,D1_5,D1_5_Team12,2.0,2.0,1.0,3.0,1.0,1.0,1.0,4.0,1.0,3.0,4.0,0.020937317694431086,0.0043056236471089426,0.20564351699425917,0.14054964580411022,-0.00367593092421182,1.1589649543604195,1.5199942874506736,0.3610293330902541,13,2.640249999999997,101.87405228758169,104.67444444444445,2.800392156862756,0.5846739318264301,0.0008237528806163385,25.175694087737465,-0.026591666666669848,-0.0689361702127691,-0.0005772496050278067,-9.10650725372146e-05
309,26,phase3,round_1,1,D1_5,D1_5_Team12,2.0,1.0,1.0,3.0,1.0,3.0,1.0,3.0,1.0,3.0,4.0,0.022417449253280937,0.005478655718061852,0.24439246660768132,-0.2960140847771851,-0.008886834977219071,2.2916717436863876,1.969501504733125,-0.3221702389532626,9,5.116183333333323,94.04314685314685,104.08685314685316,10.043706293706308,0.39295015531413596,0.0012361248461770385,26.8136751966926,-0.13063333333334,-0.14423817863396948,-0.0009344606677199037,-0.0002042631437372077
310,26,phase2,round_1,1,D1_5,D1_5_Team12,3.0,2.0,1.0,3.0,1.0,3.0,1.0,4.0,1.0,4.0,4.0,0.00876765228384735,0.005545079673917952,0.6324474892935313,0.5487824952474459,-0.0006121745528695232,0.7320282019827058,2.271807881953778,1.5397796799710721,17,-6.81283333333333,101.23670886075949,82.35000000000001,-18.886708860759484,0.4978911081306389,0.001021714658221514,14.983648431390474,-0.06311666666666461,-0.17166944171397347,2.0625358079201154e-05,-0.0002925394072522089
311,26,phase1,round_1,1,D1_5,D1_5_Team12,0.0,1.0,1.0,2.0,1.0,2.0,2.0,4.0,1.0,3.0,4.0,7.759632054374786e-05,1.9541926174996002e-05,0.25184088675929556,-0.016363103441791205,-0.0013461501715891124,0.4856338212615533,0.44838130013330424,-0.03725252112824906,7,3.0780999999999805,93.22177419354838,97.1933064516129,3.9715322580645136,0.2635916667909275,0.0005318533117077375,100.49232679556322,0.02689999999999622,0.06403582382529649,-0.0006316776332921561,0.00015315669022231897
